Country_name,Date_reported,Cumulative_cases,Cumulative_deaths,Alpha-3code,Alpha-2code,Quarter
Afghanistan,2020/3/31,166,4,AFG,AF,2020Q1
Afghanistan,2020/6/30,31445,739,AFG,AF,2020Q2
Afghanistan,2020/9/30,39354,1462,AFG,AF,2020Q3
Afghanistan,2020/12/31,52330,2189,AFG,AF,2020Q4
Albania,2020/3/31,205,12,ALB,AL,2020Q1
Albania,2020/6/30,2535,62,ALB,AL,2020Q2
Albania,2020/9/30,13518,384,ALB,AL,2020Q3
Albania,2020/12/31,57727,1174,ALB,AL,2020Q4
Algeria,2020/3/31,511,31,DZA,DZ,2020Q1
Algeria,2020/6/30,13571,905,DZA,DZ,2020Q2
Algeria,2020/9/30,51368,1726,DZA,DZ,2020Q3
Algeria,2020/12/31,99311,2751,DZA,DZ,2020Q4
American Samoa,2020/3/31,0,0,ASM,AS,2020Q1
American Samoa,2020/6/30,0,0,ASM,AS,2020Q2
American Samoa,2020/9/30,0,0,ASM,AS,2020Q3
American Samoa,2020/12/31,0,0,ASM,AS,2020Q4
Andorra,2020/3/31,376,12,AND,AD,2020Q1
Andorra,2020/6/30,855,52,AND,AD,2020Q2
Andorra,2020/9/30,1966,53,AND,AD,2020Q3
Andorra,2020/12/31,7983,84,AND,AD,2020Q4
Angola,2020/3/31,7,1,AGO,AO,2020Q1
Angola,2020/6/30,276,11,AGO,AO,2020Q2
Angola,2020/9/30,4905,179,AGO,AO,2020Q3
Angola,2020/12/31,17371,399,AGO,AO,2020Q4
Anguilla,2020/3/31,2,0,AIA,AI,2020Q1
Anguilla,2020/6/30,3,0,AIA,AI,2020Q2
Anguilla,2020/9/30,3,0,AIA,AI,2020Q3
Anguilla,2020/12/31,13,0,AIA,AI,2020Q4
Antigua and Barbuda,2020/3/31,7,0,ATG,AG,2020Q1
Antigua and Barbuda,2020/6/30,65,3,ATG,AG,2020Q2
Antigua and Barbuda,2020/9/30,101,3,ATG,AG,2020Q3
Antigua and Barbuda,2020/12/31,158,5,ATG,AG,2020Q4
Argentina,2020/3/31,820,20,ARG,AR,2020Q1
Argentina,2020/6/30,59933,1245,ARG,AR,2020Q2
Argentina,2020/9/30,723132,16113,ARG,AR,2020Q3
Argentina,2020/12/31,1602163,43018,ARG,AR,2020Q4
Armenia,2020/3/31,532,3,ARM,AM,2020Q1
Armenia,2020/6/30,25542,443,ARM,AM,2020Q2
Armenia,2020/9/30,50359,959,ARM,AM,2020Q3
Armenia,2020/12/31,159409,2823,ARM,AM,2020Q4
Aruba,2020/3/31,50,0,ABW,AW,2020Q1
Aruba,2020/6/30,101,3,ABW,AW,2020Q2
Aruba,2020/9/30,3872,25,ABW,AW,2020Q3
Aruba,2020/12/31,5373,49,ABW,AW,2020Q4
Australia,2020/3/31,4359,18,AUS,AU,2020Q1
Australia,2020/6/30,7767,104,AUS,AU,2020Q2
Australia,2020/9/30,27063,882,AUS,AU,2020Q3
Australia,2020/12/31,28381,909,AUS,AU,2020Q4
Austria,2020/3/31,9266,134,AUT,AT,2020Q1
Austria,2020/6/30,17631,733,AUT,AT,2020Q2
Austria,2020/9/30,44235,819,AUT,AT,2020Q3
Austria,2020/12/31,356054,6306,AUT,AT,2020Q4
Azerbaijan,2020/3/31,190,4,AZE,AZ,2020Q1
Azerbaijan,2020/6/30,16424,198,AZE,AZ,2020Q2
Azerbaijan,2020/9/30,40061,588,AZE,AZ,2020Q3
Azerbaijan,2020/12/31,216584,2575,AZE,AZ,2020Q4
Bahamas,2020/3/31,14,0,BHS,BS,2020Q1
Bahamas,2020/6/30,104,11,BHS,BS,2020Q2
Bahamas,2020/9/30,3903,91,BHS,BS,2020Q3
Bahamas,2020/12/31,7857,170,BHS,BS,2020Q4
Bahrain,2020/3/31,567,4,BHR,BH,2020Q1
Bahrain,2020/6/30,26239,84,BHR,BH,2020Q2
Bahrain,2020/9/30,70422,246,BHR,BH,2020Q3
Bahrain,2020/12/31,92425,352,BHR,BH,2020Q4
Bangladesh,2020/3/31,51,5,BGD,BD,2020Q1
Bangladesh,2020/6/30,145483,1847,BGD,BD,2020Q2
Bangladesh,2020/9/30,363479,5251,BGD,BD,2020Q3
Bangladesh,2020/12/31,513510,7559,BGD,BD,2020Q4
Barbados,2020/3/31,33,0,BRB,BB,2020Q1
Barbados,2020/6/30,97,7,BRB,BB,2020Q2
Barbados,2020/9/30,190,7,BRB,BB,2020Q3
Barbados,2020/12/31,372,7,BRB,BB,2020Q4
Belarus,2020/3/31,152,0,BLR,BY,2020Q1
Belarus,2020/6/30,61790,387,BLR,BY,2020Q2
Belarus,2020/9/30,78260,828,BLR,BY,2020Q3
Belarus,2020/12/31,192361,1414,BLR,BY,2020Q4
Belgium,2020/3/31,15296,1210,BEL,BE,2020Q1
Belgium,2020/6/30,61884,9728,BEL,BE,2020Q2
Belgium,2020/9/30,122544,10142,BEL,BE,2020Q3
Belgium,2020/12/31,648417,19758,BEL,BE,2020Q4
Belize,2020/3/31,3,0,BLZ,BZ,2020Q1
Belize,2020/6/30,24,2,BLZ,BZ,2020Q2
Belize,2020/9/30,1891,24,BLZ,BZ,2020Q3
Belize,2020/12/31,10668,241,BLZ,BZ,2020Q4
Benin,2020/3/31,6,0,BEN,BJ,2020Q1
Benin,2020/6/30,1187,19,BEN,BJ,2020Q2
Benin,2020/9/30,2357,41,BEN,BJ,2020Q3
Benin,2020/12/31,3251,44,BEN,BJ,2020Q4
Bermuda,2020/3/31,22,0,BMU,BM,2020Q1
Bermuda,2020/6/30,146,9,BMU,BM,2020Q2
Bermuda,2020/9/30,181,9,BMU,BM,2020Q3
Bermuda,2020/12/31,595,10,BMU,BM,2020Q4
Bhutan,2020/3/31,4,0,BTN,BT,2020Q1
Bhutan,2020/6/30,77,0,BTN,BT,2020Q2
Bhutan,2020/9/30,282,0,BTN,BT,2020Q3
Bhutan,2020/12/31,670,0,BTN,BT,2020Q4
"Bolivia, Plurinational State of",2020/3/31,97,5,BOL,BO,2020Q1
Bolivia,2020/3/31,97,5,BOL,BO,2020Q1
"Bolivia, Plurinational State of",2020/6/30,31524,1014,BOL,BO,2020Q2
Bolivia,2020/6/30,31524,1014,BOL,BO,2020Q2
"Bolivia, Plurinational State of",2020/9/30,134223,7900,BOL,BO,2020Q3
Bolivia,2020/9/30,134223,7900,BOL,BO,2020Q3
"Bolivia, Plurinational State of",2020/12/31,156887,9135,BOL,BO,2020Q4
Bolivia,2020/12/31,156887,9135,BOL,BO,2020Q4
,2020/3/31,0,0,,XA,2020Q1
,2020/6/30,2,0,,XA,2020Q2
,2020/9/30,98,1,,XA,2020Q3
,2020/12/31,162,3,,XA,2020Q4
Bosnia and Herzegovina,2020/3/31,406,12,BIH,BA,2020Q1
Bosnia and Herzegovina,2020/6/30,4325,184,BIH,BA,2020Q2
Bosnia and Herzegovina,2020/9/30,27226,843,BIH,BA,2020Q3
Bosnia and Herzegovina,2020/12/31,110985,4050,BIH,BA,2020Q4
Botswana,2020/3/31,0,0,BWA,BW,2020Q1
Botswana,2020/6/30,175,1,BWA,BW,2020Q2
Botswana,2020/9/30,3172,16,BWA,BW,2020Q3
Botswana,2020/12/31,14025,40,BWA,BW,2020Q4
Brazil,2020/3/31,4256,136,BRA,BR,2020Q1
Brazil,2020/6/30,1344143,57622,BRA,BR,2020Q2
Brazil,2020/9/30,4745464,142058,BRA,BR,2020Q3
Brazil,2020/12/31,7563551,192681,BRA,BR,2020Q4
"Virgin Islands, British",2020/3/31,2,0,VGB,VG,2020Q1
"Virgin Islands, British",2020/6/30,8,1,VGB,VG,2020Q2
"Virgin Islands, British",2020/9/30,71,1,VGB,VG,2020Q3
"Virgin Islands, British",2020/12/31,93,1,VGB,VG,2020Q4
Brunei Darussalam,2020/3/31,127,1,BRN,BN,2020Q1
Brunei,2020/3/31,127,1,BRN,BN,2020Q1
Brunei Darussalam,2020/6/30,141,3,BRN,BN,2020Q2
Brunei,2020/6/30,141,3,BRN,BN,2020Q2
Brunei Darussalam,2020/9/30,146,3,BRN,BN,2020Q3
Brunei,2020/9/30,146,3,BRN,BN,2020Q3
Brunei Darussalam,2020/12/31,157,3,BRN,BN,2020Q4
Brunei,2020/12/31,157,3,BRN,BN,2020Q4
Bulgaria,2020/3/31,359,8,BGR,BG,2020Q1
Bulgaria,2020/6/30,4831,223,BGR,BG,2020Q2
Bulgaria,2020/9/30,20547,814,BGR,BG,2020Q3
Bulgaria,2020/12/31,201220,7515,BGR,BG,2020Q4
Burkina Faso,2020/3/31,246,12,BFA,BF,2020Q1
Burkina Faso,2020/6/30,959,53,BFA,BF,2020Q2
Burkina Faso,2020/9/30,2028,57,BFA,BF,2020Q3
Burkina Faso,2020/12/31,6537,82,BFA,BF,2020Q4
Burundi,2020/3/31,0,0,BDI,BI,2020Q1
Burundi,2020/6/30,170,1,BDI,BI,2020Q2
Burundi,2020/9/30,508,1,BDI,BI,2020Q3
Burundi,2020/12/31,818,2,BDI,BI,2020Q4
Cape Verde,2020/3/31,5,1,CPV,CV,2020Q1
Cape Verde,2020/6/30,1165,12,CPV,CV,2020Q2
Cape Verde,2020/9/30,5900,59,CPV,CV,2020Q3
Cape Verde,2020/12/31,11793,112,CPV,CV,2020Q4
Cambodia,2020/3/31,107,0,KHM,KH,2020Q1
Cambodia,2020/6/30,141,0,KHM,KH,2020Q2
Cambodia,2020/9/30,277,0,KHM,KH,2020Q3
Cambodia,2020/12/31,366,0,KHM,KH,2020Q4
Cameroon,2020/3/31,139,6,CMR,CM,2020Q1
Cameroon,2020/6/30,12592,313,CMR,CM,2020Q2
Cameroon,2020/9/30,20838,418,CMR,CM,2020Q3
Cameroon,2020/12/31,26277,448,CMR,CM,2020Q4
Canada,2020/3/31,6317,66,CAN,CA,2020Q1
Canada,2020/6/30,103250,8522,CAN,CA,2020Q2
Canada,2020/9/30,155301,9278,CAN,CA,2020Q3
Canada,2020/12/31,565506,15378,CAN,CA,2020Q4
Cayman Islands,2020/3/31,12,1,CYM,KY,2020Q1
Cayman Islands,2020/6/30,196,1,CYM,KY,2020Q2
Cayman Islands,2020/9/30,211,1,CYM,KY,2020Q3
Cayman Islands,2020/12/31,326,2,CYM,KY,2020Q4
Central African Republic,2020/3/31,6,0,CAF,CF,2020Q1
Central African Republic,2020/6/30,3613,47,CAF,CF,2020Q2
Central African Republic,2020/9/30,4829,62,CAF,CF,2020Q3
Central African Republic,2020/12/31,4963,63,CAF,CF,2020Q4
Chad,2020/3/31,5,0,TCD,TD,2020Q1
Chad,2020/6/30,866,74,TCD,TD,2020Q2
Chad,2020/9/30,1193,85,TCD,TD,2020Q3
Chad,2020/12/31,2077,104,TCD,TD,2020Q4
Chile,2020/3/31,2449,8,CHL,CL,2020Q1
Chile,2020/6/30,275999,5575,CHL,CL,2020Q2
Chile,2020/9/30,461300,12725,CHL,CL,2020Q3
Chile,2020/12/31,605950,16499,CHL,CL,2020Q4
China,2020/3/31,82545,3314,CHN,CN,2020Q1
China,2020/6/30,85227,4648,CHN,CN,2020Q2
China,2020/9/30,91041,4746,CHN,CN,2020Q3
China,2020/12/31,96673,4788,CHN,CN,2020Q4
Colombia,2020/3/31,702,10,COL,CO,2020Q1
Colombia,2020/6/30,91769,3106,COL,CO,2020Q2
Colombia,2020/9/30,818203,25641,COL,CO,2020Q3
Colombia,2020/12/31,1614822,42620,COL,CO,2020Q4
Comoros,2020/3/31,0,0,COM,KM,2020Q1
Comoros,2020/6/30,293,7,COM,KM,2020Q2
Comoros,2020/9/30,478,7,COM,KM,2020Q3
Comoros,2020/12/31,765,9,COM,KM,2020Q4
Congo,2020/3/31,19,0,COG,CG,2020Q1
Congo,2020/6/30,1245,40,COG,CG,2020Q2
Congo,2020/9/30,5089,89,COG,CG,2020Q3
Congo,2020/12/31,6200,100,COG,CG,2020Q4
Cook Islands,2020/3/31,0,0,COK,CK,2020Q1
Cook Islands,2020/6/30,0,0,COK,CK,2020Q2
Cook Islands,2020/9/30,0,0,COK,CK,2020Q3
Cook Islands,2020/12/31,0,0,COK,CK,2020Q4
Costa Rica,2020/3/31,314,2,CRI,CR,2020Q1
Costa Rica,2020/6/30,3130,15,CRI,CR,2020Q2
Costa Rica,2020/9/30,73714,861,CRI,CR,2020Q3
Costa Rica,2020/12/31,166799,2156,CRI,CR,2020Q4
Côte d'Ivoire,2020/3/31,169,0,CIV,CI,2020Q1
Ivory Coast,2020/3/31,169,0,CIV,CI,2020Q1
Côte d'Ivoire,2020/6/30,9101,66,CIV,CI,2020Q2
Ivory Coast,2020/6/30,9101,66,CIV,CI,2020Q2
Côte d'Ivoire,2020/9/30,19669,120,CIV,CI,2020Q3
Ivory Coast,2020/9/30,19669,120,CIV,CI,2020Q3
Côte d'Ivoire,2020/12/31,22250,137,CIV,CI,2020Q4
Ivory Coast,2020/12/31,22250,137,CIV,CI,2020Q4
Croatia,2020/3/31,790,6,HRV,HR,2020Q1
Croatia,2020/6/30,2725,107,HRV,HR,2020Q2
Croatia,2020/9/30,16380,275,HRV,HR,2020Q3
Croatia,2020/12/31,208446,3860,HRV,HR,2020Q4
Cuba,2020/3/31,170,4,CUB,CU,2020Q1
Cuba,2020/6/30,2340,86,CUB,CU,2020Q2
Cuba,2020/9/30,5531,122,CUB,CU,2020Q3
Cuba,2020/12/31,11687,145,CUB,CU,2020Q4
,2020/3/31,11,1,,CW,2020Q1
,2020/6/30,24,1,,CW,2020Q2
,2020/9/30,364,1,,CW,2020Q3
,2020/12/31,4179,14,,CW,2020Q4
Cyprus,2020/3/31,230,7,CYP,CY,2020Q1
Cyprus,2020/6/30,996,19,CYP,CY,2020Q2
Cyprus,2020/9/30,1743,22,CYP,CY,2020Q3
Cyprus,2020/12/31,22347,122,CYP,CY,2020Q4
Czech Republic,2020/3/31,3010,28,CZE,CZ,2020Q1
Czech Republic,2020/6/30,11868,346,CZE,CZ,2020Q2
Czech Republic,2020/9/30,67886,659,CZE,CZ,2020Q3
Czech Republic,2020/12/31,719491,11887,CZE,CZ,2020Q4
"Korea, Democratic People's Republic of",2020/3/31,0,0,PRK,KP,2020Q1
"Korea, Democratic People's Republic of",2020/6/30,0,0,PRK,KP,2020Q2
"Korea, Democratic People's Republic of",2020/9/30,0,0,PRK,KP,2020Q3
"Korea, Democratic People's Republic of",2020/12/31,0,0,PRK,KP,2020Q4
"Congo, the Democratic Republic of the",2020/3/31,98,8,COD,CD,2020Q1
"Congo, the Democratic Republic of the",2020/6/30,6938,166,COD,CD,2020Q2
"Congo, the Democratic Republic of the",2020/9/30,10630,272,COD,CD,2020Q3
"Congo, the Democratic Republic of the",2020/12/31,17180,584,COD,CD,2020Q4
Denmark,2020/3/31,2903,95,DNK,DK,2020Q1
Denmark,2020/6/30,12620,606,DNK,DK,2020Q2
Denmark,2020/9/30,28071,651,DNK,DK,2020Q3
Denmark,2020/12/31,165341,1319,DNK,DK,2020Q4
Djibouti,2020/3/31,31,0,DJI,DJ,2020Q1
Djibouti,2020/6/30,4656,53,DJI,DJ,2020Q2
Djibouti,2020/9/30,5416,61,DJI,DJ,2020Q3
Djibouti,2020/12/31,5824,61,DJI,DJ,2020Q4
Dominica,2020/3/31,7,0,DMA,DM,2020Q1
Dominica,2020/6/30,18,0,DMA,DM,2020Q2
Dominica,2020/9/30,30,0,DMA,DM,2020Q3
Dominica,2020/12/31,96,0,DMA,DM,2020Q4
Dominican Republic,2020/3/31,901,42,DOM,DO,2020Q1
Dominican Republic,2020/6/30,31816,733,DOM,DO,2020Q2
Dominican Republic,2020/9/30,111900,2101,DOM,DO,2020Q3
Dominican Republic,2020/12/31,169579,2409,DOM,DO,2020Q4
Ecuador,2020/3/31,1962,8,ECU,EC,2020Q1
Ecuador,2020/6/30,55665,4502,ECU,EC,2020Q2
Ecuador,2020/9/30,135749,11312,ECU,EC,2020Q3
Ecuador,2020/12/31,211512,14023,ECU,EC,2020Q4
Egypt,2020/3/31,656,41,EGY,EG,2020Q1
Egypt,2020/6/30,66754,2872,EGY,EG,2020Q2
Egypt,2020/9/30,103079,5914,EGY,EG,2020Q3
Egypt,2020/12/31,136644,7576,EGY,EG,2020Q4
El Salvador,2020/3/31,30,0,SLV,SV,2020Q1
El Salvador,2020/6/30,6173,164,SLV,SV,2020Q2
El Salvador,2020/9/30,28981,839,SLV,SV,2020Q3
El Salvador,2020/12/31,45960,1327,SLV,SV,2020Q4
Equatorial Guinea,2020/3/31,14,0,GNQ,GQ,2020Q1
Equatorial Guinea,2020/6/30,1043,12,GNQ,GQ,2020Q2
Equatorial Guinea,2020/9/30,5028,83,GNQ,GQ,2020Q3
Equatorial Guinea,2020/12/31,5264,86,GNQ,GQ,2020Q4
Eritrea,2020/3/31,15,0,ERI,ER,2020Q1
Eritrea,2020/6/30,191,0,ERI,ER,2020Q2
Eritrea,2020/9/30,375,0,ERI,ER,2020Q3
Eritrea,2020/12/31,1252,1,ERI,ER,2020Q4
Estonia,2020/3/31,715,3,EST,EE,2020Q1
Estonia,2020/6/30,1987,63,EST,EE,2020Q2
Estonia,2020/9/30,3315,64,EST,EE,2020Q3
Estonia,2020/12/31,27990,229,EST,EE,2020Q4
Swaziland,2020/3/31,9,0,SWZ,SZ,2020Q1
Swaziland,2020/6/30,795,11,SWZ,SZ,2020Q2
Swaziland,2020/9/30,5462,108,SWZ,SZ,2020Q3
Swaziland,2020/12/31,9146,185,SWZ,SZ,2020Q4
Ethiopia,2020/3/31,23,0,ETH,ET,2020Q1
Ethiopia,2020/6/30,5846,103,ETH,ET,2020Q2
Ethiopia,2020/9/30,74584,1191,ETH,ET,2020Q3
Ethiopia,2020/12/31,123856,1918,ETH,ET,2020Q4
Falkland Islands (Malvinas),2020/3/31,0,0,FLK,FK,2020Q1
Falkland Islands (Malvinas),2020/6/30,13,0,FLK,FK,2020Q2
Falkland Islands (Malvinas),2020/9/30,13,0,FLK,FK,2020Q3
Falkland Islands (Malvinas),2020/12/31,29,0,FLK,FK,2020Q4
Faroe Islands,2020/3/31,168,0,FRO,FO,2020Q1
Faroe Islands,2020/6/30,187,0,FRO,FO,2020Q2
Faroe Islands,2020/9/30,463,0,FRO,FO,2020Q3
Faroe Islands,2020/12/31,605,0,FRO,FO,2020Q4
Fiji,2020/3/31,5,0,FJI,FJ,2020Q1
Fiji,2020/6/30,18,0,FJI,FJ,2020Q2
Fiji,2020/9/30,32,2,FJI,FJ,2020Q3
Fiji,2020/12/31,49,2,FJI,FJ,2020Q4
Finland,2020/3/31,1673,51,FIN,FI,2020Q1
Finland,2020/6/30,7260,309,FIN,FI,2020Q2
Finland,2020/9/30,10240,329,FIN,FI,2020Q3
Finland,2020/12/31,36423,592,FIN,FI,2020Q4
France,2020/3/31,43977,3017,FRA,FR,2020Q1
France,2020/6/30,159374,29730,FRA,FR,2020Q2
France,2020/9/30,586745,31690,FRA,FR,2020Q3
France,2020/12/31,2564972,64004,FRA,FR,2020Q4
French Guiana,2020/3/31,43,0,GUF,GF,2020Q1
French Guiana,2020/6/30,3774,15,GUF,GF,2020Q2
French Guiana,2020/9/30,9929,66,GUF,GF,2020Q3
French Guiana,2020/12/31,13045,71,GUF,GF,2020Q4
French Polynesia,2020/3/31,36,0,PYF,PF,2020Q1
French Polynesia,2020/6/30,62,0,PYF,PF,2020Q2
French Polynesia,2020/9/30,1728,7,PYF,PF,2020Q3
French Polynesia,2020/12/31,16851,114,PYF,PF,2020Q4
Gabon,2020/3/31,7,1,GAB,GA,2020Q1
Gabon,2020/6/30,5394,42,GAB,GA,2020Q2
Gabon,2020/9/30,8752,54,GAB,GA,2020Q3
Gabon,2020/12/31,9571,64,GAB,GA,2020Q4
Gambia,2020/3/31,3,1,GMB,GM,2020Q1
Gambia,2020/6/30,47,2,GMB,GM,2020Q2
Gambia,2020/9/30,3579,112,GMB,GM,2020Q3
Gambia,2020/12/31,3797,124,GMB,GM,2020Q4
Georgia,2020/3/31,115,0,GEO,GE,2020Q1
Georgia,2020/6/30,928,15,GEO,GE,2020Q2
Georgia,2020/9/30,6192,36,GEO,GE,2020Q3
Georgia,2020/12/31,227420,2505,GEO,GE,2020Q4
Germany,2020/3/31,61913,583,DEU,DE,2020Q1
Germany,2020/6/30,194259,8973,DEU,DE,2020Q2
Germany,2020/9/30,289219,9488,DEU,DE,2020Q3
Germany,2020/12/31,1719737,33071,DEU,DE,2020Q4
Ghana,2020/3/31,152,4,GHA,GH,2020Q1
Ghana,2020/6/30,17351,112,GHA,GH,2020Q2
Ghana,2020/9/30,46482,301,GHA,GH,2020Q3
Ghana,2020/12/31,54771,335,GHA,GH,2020Q4
Gibraltar,2020/3/31,61,0,GIB,GI,2020Q1
Gibraltar,2020/6/30,169,0,GIB,GI,2020Q2
Gibraltar,2020/9/30,374,0,GIB,GI,2020Q3
Gibraltar,2020/12/31,1785,6,GIB,GI,2020Q4
Greece,2020/3/31,1212,43,GRC,GR,2020Q1
Greece,2020/6/30,3418,191,GRC,GR,2020Q2
Greece,2020/9/30,18405,388,GRC,GR,2020Q3
Greece,2020/12/31,138541,4788,GRC,GR,2020Q4
Greenland,2020/3/31,10,0,GRL,GL,2020Q1
Greenland,2020/6/30,13,0,GRL,GL,2020Q2
Greenland,2020/9/30,14,0,GRL,GL,2020Q3
Greenland,2020/12/31,27,0,GRL,GL,2020Q4
Grenada,2020/3/31,9,0,GRD,GD,2020Q1
Grenada,2020/6/30,23,0,GRD,GD,2020Q2
Grenada,2020/9/30,24,0,GRD,GD,2020Q3
Grenada,2020/12/31,130,1,GRD,GD,2020Q4
Guadeloupe,2020/3/31,106,4,GLP,GP,2020Q1
Guadeloupe,2020/6/30,182,14,GLP,GP,2020Q2
Guadeloupe,2020/9/30,4954,53,GLP,GP,2020Q3
Guadeloupe,2020/12/31,8620,155,GLP,GP,2020Q4
Guam,2020/3/31,58,1,GUM,GU,2020Q1
Guam,2020/6/30,247,5,GUM,GU,2020Q2
Guam,2020/9/30,2443,47,GUM,GU,2020Q3
Guam,2020/12/31,7129,121,GUM,GU,2020Q4
Guatemala,2020/3/31,36,1,GTM,GT,2020Q1
Guatemala,2020/6/30,16930,727,GTM,GT,2020Q2
Guatemala,2020/9/30,90968,3238,GTM,GT,2020Q3
Guatemala,2020/12/31,137166,4803,GTM,GT,2020Q4
Guernsey,2020/3/31,55,1,GGY,GG,2020Q1
Guernsey,2020/6/30,252,16,GGY,GG,2020Q2
Guernsey,2020/9/30,257,16,GGY,GG,2020Q3
Guernsey,2020/12/31,298,16,GGY,GG,2020Q4
Guinea,2020/3/31,16,0,GIN,GN,2020Q1
Guinea,2020/6/30,5351,31,GIN,GN,2020Q2
Guinea,2020/9/30,10634,66,GIN,GN,2020Q3
Guinea,2020/12/31,13707,80,GIN,GN,2020Q4
Guinea-Bissau,2020/3/31,8,0,GNB,GW,2020Q1
Guinea-Bissau,2020/6/30,1654,24,GNB,GW,2020Q2
Guinea-Bissau,2020/9/30,2324,39,GNB,GW,2020Q3
Guinea-Bissau,2020/12/31,2447,45,GNB,GW,2020Q4
Guyana,2020/3/31,8,1,GUY,GY,2020Q1
Guyana,2020/6/30,230,12,GUY,GY,2020Q2
Guyana,2020/9/30,2787,78,GUY,GY,2020Q3
Guyana,2020/12/31,6301,164,GUY,GY,2020Q4
Haiti,2020/3/31,15,0,HTI,HT,2020Q1
Haiti,2020/6/30,5847,104,HTI,HT,2020Q2
Haiti,2020/9/30,8740,227,HTI,HT,2020Q3
Haiti,2020/12/31,9999,236,HTI,HT,2020Q4
Holy See (Vatican City State),2020/3/31,6,0,VAT,VA,2020Q1
Holy See (Vatican City State),2020/6/30,12,0,VAT,VA,2020Q2
Holy See (Vatican City State),2020/9/30,12,0,VAT,VA,2020Q3
Holy See (Vatican City State),2020/12/31,26,0,VAT,VA,2020Q4
Honduras,2020/3/31,139,2,HND,HN,2020Q1
Honduras,2020/6/30,18082,479,HND,HN,2020Q2
Honduras,2020/9/30,75537,2301,HND,HN,2020Q3
Honduras,2020/12/31,120912,3111,HND,HN,2020Q4
Hungary,2020/3/31,492,16,HUN,HU,2020Q1
Hungary,2020/6/30,4145,585,HUN,HU,2020Q2
Hungary,2020/9/30,26461,765,HUN,HU,2020Q3
Hungary,2020/12/31,322514,9537,HUN,HU,2020Q4
Iceland,2020/3/31,1086,2,ISL,IS,2020Q1
Iceland,2020/6/30,1822,10,ISL,IS,2020Q2
Iceland,2020/9/30,2699,10,ISL,IS,2020Q3
Iceland,2020/12/31,5763,29,ISL,IS,2020Q4
India,2020/3/31,1251,32,IND,IN,2020Q1
India,2020/6/30,566840,16893,IND,IN,2020Q2
India,2020/9/30,6225763,97497,IND,IN,2020Q3
India,2020/12/31,10266674,148738,IND,IN,2020Q4
Indonesia,2020/3/31,1528,136,IDN,ID,2020Q1
Indonesia,2020/6/30,56385,2876,IDN,ID,2020Q2
Indonesia,2020/9/30,287008,10740,IDN,ID,2020Q3
Indonesia,2020/12/31,743198,22138,IDN,ID,2020Q4
"Iran, Islamic Republic of",2020/3/31,44606,2898,IRN,IR,2020Q1
"Iran, Islamic Republic of",2020/6/30,225205,10670,IRN,IR,2020Q2
"Iran, Islamic Republic of",2020/9/30,453637,25986,IRN,IR,2020Q3
"Iran, Islamic Republic of",2020/12/31,1218753,55095,IRN,IR,2020Q4
Iraq,2020/3/31,630,46,IRQ,IQ,2020Q1
Iraq,2020/6/30,47151,1839,IRQ,IQ,2020Q2
Iraq,2020/9/30,358290,9122,IRQ,IQ,2020Q3
Iraq,2020/12/31,594442,12808,IRQ,IQ,2020Q4
Ireland,2020/3/31,2640,93,IRL,IE,2020Q1
Ireland,2020/6/30,25413,1717,IRL,IE,2020Q2
Ireland,2020/9/30,35702,1778,IRL,IE,2020Q3
Ireland,2020/12/31,90117,2275,IRL,IE,2020Q4
Isle of Man,2020/3/31,44,0,IMN,IM,2020Q1
Isle of Man,2020/6/30,338,34,IMN,IM,2020Q2
Isle of Man,2020/9/30,342,34,IMN,IM,2020Q3
Isle of Man,2020/12/31,379,35,IMN,IM,2020Q4
Israel,2020/3/31,4981,17,ISR,IL,2020Q1
Israel,2020/6/30,24635,328,ISR,IL,2020Q2
Israel,2020/9/30,238273,1576,ISR,IL,2020Q3
Israel,2020/12/31,419746,3337,ISR,IL,2020Q4
Italy,2020/3/31,101739,11591,ITA,IT,2020Q1
Italy,2020/6/30,240461,34744,ITA,IT,2020Q2
Italy,2020/9/30,313083,35875,ITA,IT,2020Q3
Italy,2020/12/31,2087184,73604,ITA,IT,2020Q4
Jamaica,2020/3/31,36,1,JAM,JM,2020Q1
Jamaica,2020/6/30,696,10,JAM,JM,2020Q2
Jamaica,2020/9/30,6408,101,JAM,JM,2020Q3
Jamaica,2020/12/31,12793,302,JAM,JM,2020Q4
Japan,2020/3/31,1953,56,JPN,JP,2020Q1
Japan,2020/6/30,18593,974,JPN,JP,2020Q2
Japan,2020/9/30,83010,1564,JPN,JP,2020Q3
Japan,2020/12/31,230304,3414,JPN,JP,2020Q4
Jersey,2020/3/31,59,2,JEY,JE,2020Q1
Jersey,2020/6/30,316,31,JEY,JE,2020Q2
Jersey,2020/9/30,407,32,JEY,JE,2020Q3
Jersey,2020/12/31,2712,41,JEY,JE,2020Q4
Jordan,2020/3/31,268,5,JOR,JO,2020Q1
Jordan,2020/6/30,1052,9,JOR,JO,2020Q2
Jordan,2020/9/30,10117,57,JOR,JO,2020Q3
Jordan,2020/12/31,293067,3815,JOR,JO,2020Q4
Kazakhstan,2020/3/31,312,1,KAZ,KZ,2020Q1
Kazakhstan,2020/6/30,30168,188,KAZ,KZ,2020Q2
Kazakhstan,2020/9/30,140707,2075,KAZ,KZ,2020Q3
Kazakhstan,2020/12/31,200443,2749,KAZ,KZ,2020Q4
Kenya,2020/3/31,50,1,KEN,KE,2020Q1
Kenya,2020/6/30,6190,144,KEN,KE,2020Q2
Kenya,2020/9/30,38378,707,KEN,KE,2020Q3
Kenya,2020/12/31,96251,1667,KEN,KE,2020Q4
Kiribati,2020/3/31,0,0,KIR,KI,2020Q1
Kiribati,2020/6/30,0,0,KIR,KI,2020Q2
Kiribati,2020/9/30,0,0,KIR,KI,2020Q3
Kiribati,2020/12/31,0,0,KIR,KI,2020Q4
,2020/3/31,112,1,,XK,2020Q1
,2020/6/30,2756,39,,XK,2020Q2
,2020/9/30,15531,615,,XK,2020Q3
,2020/12/31,51101,1322,,XK,2020Q4
Kuwait,2020/3/31,289,0,KWT,KW,2020Q1
Kuwait,2020/6/30,45524,350,KWT,KW,2020Q2
Kuwait,2020/9/30,104568,607,KWT,KW,2020Q3
Kuwait,2020/12/31,150298,933,KWT,KW,2020Q4
Kyrgyzstan,2020/3/31,255,0,KGZ,KG,2020Q1
Kyrgyzstan,2020/6/30,6539,57,KGZ,KG,2020Q2
Kyrgyzstan,2020/9/30,46669,1064,KGZ,KG,2020Q3
Kyrgyzstan,2020/12/31,81034,1355,KGZ,KG,2020Q4
Lao People's Democratic Republic,2020/3/31,9,0,LAO,LA,2020Q1
Lao People's Democratic Republic,2020/6/30,19,0,LAO,LA,2020Q2
Lao People's Democratic Republic,2020/9/30,23,0,LAO,LA,2020Q3
Lao People's Democratic Republic,2020/12/31,41,0,LAO,LA,2020Q4
Latvia,2020/3/31,376,0,LVA,LV,2020Q1
Latvia,2020/6/30,1117,30,LVA,LV,2020Q2
Latvia,2020/9/30,1729,37,LVA,LV,2020Q3
Latvia,2020/12/31,39043,626,LVA,LV,2020Q4
Lebanon,2020/3/31,463,12,LBN,LB,2020Q1
Lebanon,2020/6/30,1745,34,LBN,LB,2020Q2
Lebanon,2020/9/30,38363,361,LBN,LB,2020Q3
Lebanon,2020/12/31,177996,1443,LBN,LB,2020Q4
Lesotho,2020/3/31,0,0,LSO,LS,2020Q1
Lesotho,2020/6/30,27,0,LSO,LS,2020Q2
Lesotho,2020/9/30,1565,35,LSO,LS,2020Q3
Lesotho,2020/12/31,2577,50,LSO,LS,2020Q4
Liberia,2020/3/31,3,0,LBR,LR,2020Q1
Liberia,2020/6/30,770,36,LBR,LR,2020Q2
Liberia,2020/9/30,1339,82,LBR,LR,2020Q3
Liberia,2020/12/31,1800,83,LBR,LR,2020Q4
Libyan Arab Jamahiriya,2020/3/31,8,0,LBY,LY,2020Q1
Libya,2020/3/31,8,0,LBY,LY,2020Q1
Libyan Arab Jamahiriya,2020/6/30,802,23,LBY,LY,2020Q2
Libya,2020/6/30,802,23,LBY,LY,2020Q2
Libyan Arab Jamahiriya,2020/9/30,34525,551,LBY,LY,2020Q3
Libya,2020/9/30,34525,551,LBY,LY,2020Q3
Libyan Arab Jamahiriya,2020/12/31,99935,1459,LBY,LY,2020Q4
Libya,2020/12/31,99935,1459,LBY,LY,2020Q4
Liechtenstein,2020/3/31,69,0,LIE,LI,2020Q1
Liechtenstein,2020/6/30,83,1,LIE,LI,2020Q2
Liechtenstein,2020/9/30,120,1,LIE,LI,2020Q3
Liechtenstein,2020/12/31,2221,44,LIE,LI,2020Q4
Lithuania,2020/3/31,364,4,LTU,LT,2020Q1
Lithuania,2020/6/30,1745,61,LTU,LT,2020Q2
Lithuania,2020/9/30,4765,77,LTU,LT,2020Q3
Lithuania,2020/12/31,145220,1804,LTU,LT,2020Q4
Luxembourg,2020/3/31,1812,21,LUX,LU,2020Q1
Luxembourg,2020/6/30,3416,110,LUX,LU,2020Q2
Luxembourg,2020/9/30,8415,124,LUX,LU,2020Q3
Luxembourg,2020/12/31,46334,489,LUX,LU,2020Q4
Madagascar,2020/3/31,46,0,MDG,MG,2020Q1
Madagascar,2020/6/30,2138,20,MDG,MG,2020Q2
Madagascar,2020/9/30,16377,229,MDG,MG,2020Q3
Madagascar,2020/12/31,17714,261,MDG,MG,2020Q4
Malawi,2020/3/31,0,0,MWI,MW,2020Q1
Malawi,2020/6/30,1224,14,MWI,MW,2020Q2
Malawi,2020/9/30,5772,179,MWI,MW,2020Q3
Malawi,2020/12/31,6471,189,MWI,MW,2020Q4
Malaysia,2020/3/31,2626,37,MYS,MY,2020Q1
Malaysia,2020/6/30,8637,121,MYS,MY,2020Q2
Malaysia,2020/9/30,11135,134,MYS,MY,2020Q3
Malaysia,2020/12/31,110485,463,MYS,MY,2020Q4
Maldives,2020/3/31,18,0,MDV,MV,2020Q1
Maldives,2020/6/30,2361,8,MDV,MV,2020Q2
Maldives,2020/9/30,10291,34,MDV,MV,2020Q3
Maldives,2020/12/31,13757,48,MDV,MV,2020Q4
Mali,2020/3/31,18,0,MLI,ML,2020Q1
Mali,2020/6/30,2173,115,MLI,ML,2020Q2
Mali,2020/9/30,3101,131,MLI,ML,2020Q3
Mali,2020/12/31,7029,269,MLI,ML,2020Q4
Malta,2020/3/31,169,0,MLT,MT,2020Q1
Malta,2020/6/30,669,9,MLT,MT,2020Q2
Malta,2020/9/30,3049,43,MLT,MT,2020Q3
Malta,2020/12/31,12763,223,MLT,MT,2020Q4
Marshall Islands,2020/3/31,0,0,MHL,MH,2020Q1
Marshall Islands,2020/6/30,0,0,MHL,MH,2020Q2
Marshall Islands,2020/9/30,0,0,MHL,MH,2020Q3
Marshall Islands,2020/12/31,4,0,MHL,MH,2020Q4
Martinique,2020/3/31,111,2,MTQ,MQ,2020Q1
Martinique,2020/6/30,242,14,MTQ,MQ,2020Q2
Martinique,2020/9/30,1298,20,MTQ,MQ,2020Q3
Martinique,2020/12/31,6072,42,MTQ,MQ,2020Q4
Mauritania,2020/3/31,5,0,MRT,MR,2020Q1
Mauritania,2020/6/30,4149,126,MRT,MR,2020Q2
Mauritania,2020/9/30,7488,161,MRT,MR,2020Q3
Mauritania,2020/12/31,13642,324,MRT,MR,2020Q4
Mauritius,2020/3/31,125,3,MUS,MU,2020Q1
Mauritius,2020/6/30,341,10,MUS,MU,2020Q2
Mauritius,2020/9/30,381,10,MUS,MU,2020Q3
Mauritius,2020/12/31,527,10,MUS,MU,2020Q4
Mayotte,2020/3/31,82,0,MYT,YT,2020Q1
Mayotte,2020/6/30,2603,35,MYT,YT,2020Q2
Mayotte,2020/9/30,3779,42,MYT,YT,2020Q3
Mayotte,2020/12/31,5890,55,MYT,YT,2020Q4
Mexico,2020/3/31,2474,52,MEX,MX,2020Q1
Mexico,2020/6/30,269344,39946,MEX,MX,2020Q2
Mexico,2020/9/30,803175,96189,MEX,MX,2020Q3
Mexico,2020/12/31,1496067,147623,MEX,MX,2020Q4
"Micronesia, Federated States of",2020/3/31,0,0,FSM,FM,2020Q1
"Micronesia, Federated States of",2020/6/30,0,0,FSM,FM,2020Q2
"Micronesia, Federated States of",2020/9/30,0,0,FSM,FM,2020Q3
"Micronesia, Federated States of",2020/12/31,0,0,FSM,FM,2020Q4
Monaco,2020/3/31,36,0,MCO,MC,2020Q1
Monaco,2020/6/30,73,1,MCO,MC,2020Q2
Monaco,2020/9/30,217,2,MCO,MC,2020Q3
Monaco,2020/12/31,856,3,MCO,MC,2020Q4
Mongolia,2020/3/31,12,0,MNG,MN,2020Q1
Mongolia,2020/6/30,220,0,MNG,MN,2020Q2
Mongolia,2020/9/30,313,0,MNG,MN,2020Q3
Mongolia,2020/12/31,1195,1,MNG,MN,2020Q4
Montenegro,2020/3/31,91,2,MNE,ME,2020Q1
Montenegro,2020/6/30,498,12,MNE,ME,2020Q2
Montenegro,2020/9/30,10938,163,MNE,ME,2020Q3
Montenegro,2020/12/31,47668,677,MNE,ME,2020Q4
Montserrat,2020/3/31,5,0,MSR,MS,2020Q1
Montserrat,2020/6/30,11,1,MSR,MS,2020Q2
Montserrat,2020/9/30,13,1,MSR,MS,2020Q3
Montserrat,2020/12/31,13,1,MSR,MS,2020Q4
Morocco,2020/3/31,574,33,MAR,MA,2020Q1
Morocco,2020/6/30,12290,225,MAR,MA,2020Q2
Morocco,2020/9/30,121183,2152,MAR,MA,2020Q3
Morocco,2020/12/31,437332,7355,MAR,MA,2020Q4
Mozambique,2020/3/31,8,0,MOZ,MZ,2020Q1
Mozambique,2020/6/30,883,5,MOZ,MZ,2020Q2
Mozambique,2020/9/30,8556,59,MOZ,MZ,2020Q3
Mozambique,2020/12/31,18373,163,MOZ,MZ,2020Q4
Myanmar,2020/3/31,14,1,MMR,MM,2020Q1
Burma,2020/3/31,14,1,MMR,MM,2020Q1
Myanmar,2020/6/30,299,6,MMR,MM,2020Q2
Burma,2020/6/30,299,6,MMR,MM,2020Q2
Myanmar,2020/9/30,12425,284,MMR,MM,2020Q3
Burma,2020/9/30,12425,284,MMR,MM,2020Q3
Myanmar,2020/12/31,124630,2682,MMR,MM,2020Q4
Burma,2020/12/31,124630,2682,MMR,MM,2020Q4
Namibia,2020/3/31,11,0,NAM,,2020Q1
Namibia,2020/6/30,183,0,NAM,,2020Q2
Namibia,2020/9/30,11140,121,NAM,,2020Q3
Namibia,2020/12/31,23333,196,NAM,,2020Q4
Nauru,2020/3/31,0,0,NRU,NR,2020Q1
Nauru,2020/6/30,0,0,NRU,NR,2020Q2
Nauru,2020/9/30,0,0,NRU,NR,2020Q3
Nauru,2020/12/31,0,0,NRU,NR,2020Q4
Nepal,2020/3/31,5,0,NPL,NP,2020Q1
Nepal,2020/6/30,13564,30,NPL,NP,2020Q2
Nepal,2020/9/30,77817,600,NPL,NP,2020Q3
Nepal,2020/12/31,260593,2758,NPL,NP,2020Q4
Netherlands,2020/3/31,11615,846,NLD,NL,2020Q1
Netherlands,2020/6/30,49990,6081,NLD,NL,2020Q2
Netherlands,2020/9/30,117291,6393,NLD,NL,2020Q3
Netherlands,2020/12/31,785874,11298,NLD,NL,2020Q4
New Caledonia,2020/3/31,15,0,NCL,NC,2020Q1
New Caledonia,2020/6/30,21,0,NCL,NC,2020Q2
New Caledonia,2020/9/30,27,0,NCL,NC,2020Q3
New Caledonia,2020/12/31,38,0,NCL,NC,2020Q4
New Zealand,2020/3/31,600,1,NZL,NZ,2020Q1
New Zealand,2020/6/30,1178,22,NZL,NZ,2020Q2
New Zealand,2020/9/30,1480,25,NZL,NZ,2020Q3
New Zealand,2020/12/31,1807,25,NZL,NZ,2020Q4
Nicaragua,2020/3/31,4,1,NIC,NI,2020Q1
Nicaragua,2020/6/30,2014,74,NIC,NI,2020Q2
Nicaragua,2020/9/30,4146,151,NIC,NI,2020Q3
Nicaragua,2020/12/31,4829,165,NIC,NI,2020Q4
Niger,2020/3/31,20,3,NER,NE,2020Q1
Niger,2020/6/30,1075,67,NER,NE,2020Q2
Niger,2020/9/30,1196,69,NER,NE,2020Q3
Niger,2020/12/31,3110,96,NER,NE,2020Q4
Nigeria,2020/3/31,111,1,NGA,NG,2020Q1
Nigeria,2020/6/30,25133,573,NGA,NG,2020Q2
Nigeria,2020/9/30,58647,1111,NGA,NG,2020Q3
Nigeria,2020/12/31,86576,1278,NGA,NG,2020Q4
Niue,2020/3/31,0,0,NIU,NU,2020Q1
Niue,2020/6/30,0,0,NIU,NU,2020Q2
Niue,2020/9/30,0,0,NIU,NU,2020Q3
Niue,2020/12/31,0,0,NIU,NU,2020Q4
"Macedonia, the former Yugoslav Republic of",2020/3/31,329,9,MKD,MK,2020Q1
"Macedonia, the former Yugoslav Republic of",2020/6/30,6224,298,MKD,MK,2020Q2
"Macedonia, the former Yugoslav Republic of",2020/9/30,17786,737,MKD,MK,2020Q3
"Macedonia, the former Yugoslav Republic of",2020/12/31,82794,2488,MKD,MK,2020Q4
Northern Mariana Islands,2020/3/31,2,0,MNP,MP,2020Q1
Northern Mariana Islands,2020/6/30,30,2,MNP,MP,2020Q2
Northern Mariana Islands,2020/9/30,70,2,MNP,MP,2020Q3
Northern Mariana Islands,2020/12/31,122,2,MNP,MP,2020Q4
Norway,2020/3/31,4635,20,NOR,NO,2020Q1
Norway,2020/6/30,8858,249,NOR,NO,2020Q2
Norway,2020/9/30,13952,270,NOR,NO,2020Q3
Norway,2020/12/31,49145,429,NOR,NO,2020Q4
"Palestinian Territory, Occupied",2020/3/31,117,1,PSE,PS,2020Q1
"Palestinian Territory, Occupied",2020/6/30,2443,8,PSE,PS,2020Q2
"Palestinian Territory, Occupied",2020/9/30,50115,360,PSE,PS,2020Q3
"Palestinian Territory, Occupied",2020/12/31,154097,1500,PSE,PS,2020Q4
Oman,2020/3/31,192,0,OMN,OM,2020Q1
Oman,2020/6/30,39060,169,OMN,OM,2020Q2
Oman,2020/9/30,98585,935,OMN,OM,2020Q3
Oman,2020/12/31,128719,1497,OMN,OM,2020Q4
,2020/3/31,712,11,, ,2020Q1
,2020/6/30,741,13,, ,2020Q2
,2020/9/30,741,13,, ,2020Q3
,2020/12/31,745,13,, ,2020Q4
Pakistan,2020/3/31,1865,25,PAK,PK,2020Q1
Pakistan,2020/6/30,209337,4304,PAK,PK,2020Q2
Pakistan,2020/9/30,312263,6479,PAK,PK,2020Q3
Pakistan,2020/12/31,477240,10047,PAK,PK,2020Q4
Palau,2020/3/31,0,0,PLW,PW,2020Q1
Palau,2020/6/30,0,0,PLW,PW,2020Q2
Palau,2020/9/30,0,0,PLW,PW,2020Q3
Palau,2020/12/31,0,0,PLW,PW,2020Q4
Panama,2020/3/31,989,24,PAN,PA,2020Q1
Panama,2020/6/30,31686,604,PAN,PA,2020Q2
Panama,2020/9/30,111277,2348,PAN,PA,2020Q3
Panama,2020/12/31,238279,3933,PAN,PA,2020Q4
Papua New Guinea,2020/3/31,1,0,PNG,PG,2020Q1
Papua New Guinea,2020/6/30,11,0,PNG,PG,2020Q2
Papua New Guinea,2020/9/30,534,7,PNG,PG,2020Q3
Papua New Guinea,2020/12/31,780,9,PNG,PG,2020Q4
Paraguay,2020/3/31,64,3,PRY,PY,2020Q1
Paraguay,2020/6/30,2127,15,PRY,PY,2020Q2
Paraguay,2020/9/30,39432,818,PRY,PY,2020Q3
Paraguay,2020/12/31,106136,2220,PRY,PY,2020Q4
Peru,2020/3/31,852,95,PER,PE,2020Q1
Peru,2020/6/30,279419,36974,PER,PE,2020Q2
Peru,2020/9/30,808714,82036,PER,PE,2020Q3
Peru,2020/12/31,1010496,93066,PER,PE,2020Q4
Philippines,2020/3/31,1546,88,PHL,PH,2020Q1
Philippines,2020/6/30,36438,1255,PHL,PH,2020Q2
Philippines,2020/9/30,309268,5448,PHL,PH,2020Q3
Philippines,2020/12/31,472523,9230,PHL,PH,2020Q4
Pitcairn,2020/3/31,0,0,PCN,PN,2020Q1
Pitcairn,2020/6/30,0,0,PCN,PN,2020Q2
Pitcairn,2020/9/30,0,0,PCN,PN,2020Q3
Pitcairn,2020/12/31,0,0,PCN,PN,2020Q4
Poland,2020/3/31,2055,31,POL,PL,2020Q1
Poland,2020/6/30,34154,1444,POL,PL,2020Q2
Poland,2020/9/30,89962,2483,POL,PL,2020Q3
Poland,2020/12/31,1296399,28638,POL,PL,2020Q4
Portugal,2020/3/31,6408,140,PRT,PT,2020Q1
Portugal,2020/6/30,41912,1568,PRT,PT,2020Q2
Portugal,2020/9/30,74717,1963,PRT,PT,2020Q3
Portugal,2020/12/31,406051,6830,PRT,PT,2020Q4
Puerto Rico,2020/3/31,174,6,PRI,PR,2020Q1
Puerto Rico,2020/6/30,7250,153,PRI,PR,2020Q2
Puerto Rico,2020/9/30,48467,654,PRI,PR,2020Q3
Puerto Rico,2020/12/31,75888,1484,PRI,PR,2020Q4
Qatar,2020/3/31,693,1,QAT,QA,2020Q1
Qatar,2020/6/30,95106,113,QAT,QA,2020Q2
Qatar,2020/9/30,125533,214,QAT,QA,2020Q3
Qatar,2020/12/31,143621,245,QAT,QA,2020Q4
"Korea, Republic of",2020/3/31,9786,162,KOR,KR,2020Q1
South Korea,2020/3/31,9786,162,KOR,KR,2020Q1
"Korea, Republic of",2020/6/30,12799,282,KOR,KR,2020Q2
South Korea,2020/6/30,12799,282,KOR,KR,2020Q2
"Korea, Republic of",2020/9/30,23812,413,KOR,KR,2020Q3
South Korea,2020/9/30,23812,413,KOR,KR,2020Q3
"Korea, Republic of",2020/12/31,60722,900,KOR,KR,2020Q4
South Korea,2020/12/31,60722,900,KOR,KR,2020Q4
"Moldova, Republic of",2020/3/31,353,3,MDA,MD,2020Q1
"Moldova, Republic of",2020/6/30,16357,545,MDA,MD,2020Q2
"Moldova, Republic of",2020/9/30,52029,1319,MDA,MD,2020Q3
"Moldova, Republic of",2020/12/31,143841,3110,MDA,MD,2020Q4
Réunion,2020/3/31,207,0,REU,RE,2020Q1
Réunion,2020/6/30,522,2,REU,RE,2020Q2
Réunion,2020/9/30,3882,14,REU,RE,2020Q3
Réunion,2020/12/31,8972,42,REU,RE,2020Q4
Romania,2020/3/31,1952,65,ROU,RO,2020Q1
Romania,2020/6/30,26582,1634,ROU,RO,2020Q2
Romania,2020/9/30,125414,4792,ROU,RO,2020Q3
Romania,2020/12/31,627941,15596,ROU,RO,2020Q4
Russian Federation,2020/3/31,2337,17,RUS,RU,2020Q1
Russia,2020/3/31,2337,17,RUS,RU,2020Q1
Russian Federation,2020/6/30,647849,9320,RUS,RU,2020Q2
Russia,2020/6/30,647849,9320,RUS,RU,2020Q2
Russian Federation,2020/9/30,1176286,20722,RUS,RU,2020Q3
Russia,2020/9/30,1176286,20722,RUS,RU,2020Q3
Russian Federation,2020/12/31,3159297,57019,RUS,RU,2020Q4
Russia,2020/12/31,3159297,57019,RUS,RU,2020Q4
Rwanda,2020/3/31,70,0,RWA,RW,2020Q1
Rwanda,2020/6/30,1001,2,RWA,RW,2020Q2
Rwanda,2020/9/30,4836,29,RWA,RW,2020Q3
Rwanda,2020/12/31,8250,86,RWA,RW,2020Q4
,2020/3/31,0,0,,XC,2020Q1
,2020/6/30,3,0,,XC,2020Q2
,2020/9/30,5,0,,XC,2020Q3
,2020/12/31,5,0,,XC,2020Q4
,2020/3/31,6,0,,BL,2020Q1
,2020/6/30,6,0,,BL,2020Q2
,2020/9/30,48,0,,BL,2020Q3
,2020/12/31,189,0,,BL,2020Q4
"Saint Helena, Ascension and Tristan da Cunha",2020/3/31,0,0,SHN,SH,2020Q1
"Saint Helena, Ascension and Tristan da Cunha",2020/6/30,0,0,SHN,SH,2020Q2
"Saint Helena, Ascension and Tristan da Cunha",2020/9/30,0,0,SHN,SH,2020Q3
"Saint Helena, Ascension and Tristan da Cunha",2020/12/31,0,0,SHN,SH,2020Q4
Saint Kitts and Nevis,2020/3/31,2,0,KNA,KN,2020Q1
Saint Kitts and Nevis,2020/6/30,15,0,KNA,KN,2020Q2
Saint Kitts and Nevis,2020/9/30,19,0,KNA,KN,2020Q3
Saint Kitts and Nevis,2020/12/31,32,0,KNA,KN,2020Q4
Saint Lucia,2020/3/31,9,0,LCA,LC,2020Q1
Saint Lucia,2020/6/30,19,0,LCA,LC,2020Q2
Saint Lucia,2020/9/30,27,0,LCA,LC,2020Q3
Saint Lucia,2020/12/31,340,5,LCA,LC,2020Q4
,2020/3/31,18,1,,MF,2020Q1
,2020/6/30,43,3,,MF,2020Q2
,2020/9/30,383,8,,MF,2020Q3
,2020/12/31,986,12,,MF,2020Q4
Saint Pierre and Miquelon,2020/3/31,0,0,SPM,PM,2020Q1
Saint Pierre and Miquelon,2020/6/30,1,0,SPM,PM,2020Q2
Saint Pierre and Miquelon,2020/9/30,12,0,SPM,PM,2020Q3
Saint Pierre and Miquelon,2020/12/31,16,0,SPM,PM,2020Q4
Saint Vincent and the Grenadines,2020/3/31,1,0,VCT,VC,2020Q1
Saint Vincent & the Grenadines,2020/3/31,1,0,VCT,VC,2020Q1
St. Vincent and the Grenadines,2020/3/31,1,0,VCT,VC,2020Q1
Saint Vincent and the Grenadines,2020/6/30,29,0,VCT,VC,2020Q2
Saint Vincent & the Grenadines,2020/6/30,29,0,VCT,VC,2020Q2
St. Vincent and the Grenadines,2020/6/30,29,0,VCT,VC,2020Q2
Saint Vincent and the Grenadines,2020/9/30,64,0,VCT,VC,2020Q3
Saint Vincent & the Grenadines,2020/9/30,64,0,VCT,VC,2020Q3
St. Vincent and the Grenadines,2020/9/30,64,0,VCT,VC,2020Q3
Saint Vincent and the Grenadines,2020/12/31,115,0,VCT,VC,2020Q4
Saint Vincent & the Grenadines,2020/12/31,115,0,VCT,VC,2020Q4
St. Vincent and the Grenadines,2020/12/31,115,0,VCT,VC,2020Q4
Samoa,2020/3/31,0,0,WSM,WS,2020Q1
Samoa,2020/6/30,0,0,WSM,WS,2020Q2
Samoa,2020/9/30,0,0,WSM,WS,2020Q3
Samoa,2020/12/31,1,0,WSM,WS,2020Q4
San Marino,2020/3/31,236,26,SMR,SM,2020Q1
San Marino,2020/6/30,714,42,SMR,SM,2020Q2
San Marino,2020/9/30,750,42,SMR,SM,2020Q3
San Marino,2020/12/31,2349,59,SMR,SM,2020Q4
Sao Tome and Principe,2020/3/31,0,0,STP,ST,2020Q1
Sao Tome and Principe,2020/6/30,393,11,STP,ST,2020Q2
Sao Tome and Principe,2020/9/30,911,15,STP,ST,2020Q3
Sao Tome and Principe,2020/12/31,1014,17,STP,ST,2020Q4
Saudi Arabia,2020/3/31,1563,10,SAU,SA,2020Q1
Saudi Arabia,2020/6/30,186436,1599,SAU,SA,2020Q2
Saudi Arabia,2020/9/30,334187,4739,SAU,SA,2020Q3
Saudi Arabia,2020/12/31,362601,6214,SAU,SA,2020Q4
Senegal,2020/3/31,162,0,SEN,SN,2020Q1
Senegal,2020/6/30,6698,108,SEN,SN,2020Q2
Senegal,2020/9/30,14919,309,SEN,SN,2020Q3
Senegal,2020/12/31,18945,402,SEN,SN,2020Q4
Serbia,2020/3/31,785,13,SRB,RS,2020Q1
Serbia,2020/6/30,14288,274,SRB,RS,2020Q2
Serbia,2020/9/30,33479,749,SRB,RS,2020Q3
Serbia,2020/12/31,334991,3163,SRB,RS,2020Q4
Seychelles,2020/3/31,8,0,SYC,SC,2020Q1
Seychelles,2020/6/30,81,0,SYC,SC,2020Q2
Seychelles,2020/9/30,141,0,SYC,SC,2020Q3
Seychelles,2020/12/31,226,0,SYC,SC,2020Q4
Sierra Leone,2020/3/31,0,0,SLE,SL,2020Q1
Sierra Leone,2020/6/30,1450,60,SLE,SL,2020Q2
Sierra Leone,2020/9/30,2222,72,SLE,SL,2020Q3
Sierra Leone,2020/12/31,2560,76,SLE,SL,2020Q4
Singapore,2020/3/31,879,3,SGP,SG,2020Q1
Singapore,2020/6/30,43661,26,SGP,SG,2020Q2
Singapore,2020/9/30,57742,27,SGP,SG,2020Q3
Singapore,2020/12/31,58569,29,SGP,SG,2020Q4
,2020/3/31,0,0,,XB,2020Q1
,2020/6/30,2,0,,XB,2020Q2
,2020/9/30,13,0,,XB,2020Q3
,2020/12/31,19,0,,XB,2020Q4
,2020/3/31,6,0,,SX,2020Q1
,2020/6/30,77,15,,SX,2020Q2
,2020/9/30,645,22,,SX,2020Q3
,2020/12/31,1423,27,,SX,2020Q4
Slovakia,2020/3/31,363,1,SVK,SK,2020Q1
Slovakia,2020/6/30,1667,28,SVK,SK,2020Q2
Slovakia,2020/9/30,10141,48,SVK,SK,2020Q3
Slovakia,2020/12/31,179543,2138,SVK,SK,2020Q4
Slovenia,2020/3/31,757,13,SVN,SI,2020Q1
Slovenia,2020/6/30,1584,114,SVN,SI,2020Q2
Slovenia,2020/9/30,5489,154,SVN,SI,2020Q3
Slovenia,2020/12/31,119833,2955,SVN,SI,2020Q4
Solomon Islands,2020/3/31,0,0,SLB,SB,2020Q1
Solomon Islands,2020/6/30,0,0,SLB,SB,2020Q2
Solomon Islands,2020/9/30,0,0,SLB,SB,2020Q3
Solomon Islands,2020/12/31,17,0,SLB,SB,2020Q4
Somalia,2020/3/31,5,0,SOM,SO,2020Q1
Somalia,2020/6/30,2904,90,SOM,SO,2020Q2
Somalia,2020/9/30,3588,99,SOM,SO,2020Q3
Somalia,2020/12/31,4714,130,SOM,SO,2020Q4
South Africa,2020/3/31,1326,3,ZAF,ZA,2020Q1
South Africa,2020/6/30,144264,4951,ZAF,ZA,2020Q2
South Africa,2020/9/30,672572,19153,ZAF,ZA,2020Q3
South Africa,2020/12/31,1039161,28033,ZAF,ZA,2020Q4
South Sudan,2020/3/31,0,0,SSD,SS,2020Q1
South Sudan,2020/6/30,2006,37,SSD,SS,2020Q2
South Sudan,2020/9/30,2704,49,SSD,SS,2020Q3
South Sudan,2020/12/31,3540,63,SSD,SS,2020Q4
Spain,2020/3/31,108381,8577,ESP,ES,2020Q1
Spain,2020/6/30,255302,29747,ESP,ES,2020Q2
Spain,2020/9/30,787785,34006,ESP,ES,2020Q3
Spain,2020/12/31,1949501,53982,ESP,ES,2020Q4
Sri Lanka,2020/3/31,122,2,LKA,LK,2020Q1
Sri Lanka,2020/6/30,2047,11,LKA,LK,2020Q2
Sri Lanka,2020/9/30,3380,13,LKA,LK,2020Q3
Sri Lanka,2020/12/31,43299,204,LKA,LK,2020Q4
Sudan,2020/3/31,7,2,SDN,SD,2020Q1
Sudan,2020/6/30,9372,587,SDN,SD,2020Q2
Sudan,2020/9/30,13646,836,SDN,SD,2020Q3
Sudan,2020/12/31,25500,1561,SDN,SD,2020Q4
Suriname,2020/3/31,8,0,SUR,SR,2020Q1
Suriname,2020/6/30,492,13,SUR,SR,2020Q2
Suriname,2020/9/30,4836,102,SUR,SR,2020Q3
Suriname,2020/12/31,6098,120,SUR,SR,2020Q4
Sweden,2020/3/31,3944,239,SWE,SE,2020Q1
Sweden,2020/6/30,66333,5474,SWE,SE,2020Q2
Sweden,2020/9/30,92539,5873,SWE,SE,2020Q3
Sweden,2020/12/31,437300,9652,SWE,SE,2020Q4
Switzerland,2020/3/31,17910,438,CHE,CH,2020Q1
Switzerland,2020/6/30,31773,1733,CHE,CH,2020Q2
Switzerland,2020/9/30,53512,1833,CHE,CH,2020Q3
Switzerland,2020/12/31,451173,7517,CHE,CH,2020Q4
Syrian Arab Republic,2020/3/31,10,2,SYR,SY,2020Q1
Syrian Arab Republic,2020/6/30,269,9,SYR,SY,2020Q2
Syrian Arab Republic,2020/9/30,4148,197,SYR,SY,2020Q3
Syrian Arab Republic,2020/12/31,11344,704,SYR,SY,2020Q4
Tajikistan,2020/3/31,0,0,TJK,TJ,2020Q1
Tajikistan,2020/6/30,5900,52,TJK,TJ,2020Q2
Tajikistan,2020/9/30,9726,75,TJK,TJ,2020Q3
Tajikistan,2020/12/31,13665,90,TJK,TJ,2020Q4
Thailand,2020/3/31,1651,10,THA,TH,2020Q1
Thailand,2020/6/30,3171,58,THA,TH,2020Q2
Thailand,2020/9/30,3564,59,THA,TH,2020Q3
Thailand,2020/12/31,6884,61,THA,TH,2020Q4
United Kingdom,2020/3/31,29372,2050,GBR,GB,2020Q1
United Kingdom,2020/6/30,283425,40341,GBR,GB,2020Q2
United Kingdom,2020/9/30,468738,42072,GBR,GB,2020Q3
United Kingdom,2020/12/31,2563676,72548,GBR,GB,2020Q4
Timor-Leste,2020/3/31,1,0,TLS,TL,2020Q1
Timor-Leste,2020/6/30,24,0,TLS,TL,2020Q2
Timor-Leste,2020/9/30,28,0,TLS,TL,2020Q3
Timor-Leste,2020/12/31,44,0,TLS,TL,2020Q4
Togo,2020/3/31,34,1,TGO,TG,2020Q1
Togo,2020/6/30,642,14,TGO,TG,2020Q2
Togo,2020/9/30,1759,48,TGO,TG,2020Q3
Togo,2020/12/31,3604,68,TGO,TG,2020Q4
Tokelau,2020/3/31,0,0,TKL,TK,2020Q1
Tokelau,2020/6/30,0,0,TKL,TK,2020Q2
Tokelau,2020/9/30,0,0,TKL,TK,2020Q3
Tokelau,2020/12/31,0,0,TKL,TK,2020Q4
Tonga,2020/3/31,0,0,TON,TO,2020Q1
Tonga,2020/6/30,0,0,TON,TO,2020Q2
Tonga,2020/9/30,0,0,TON,TO,2020Q3
Tonga,2020/12/31,0,0,TON,TO,2020Q4
Trinidad and Tobago,2020/3/31,82,3,TTO,TT,2020Q1
Trinidad and Tobago,2020/6/30,126,8,TTO,TT,2020Q2
Trinidad and Tobago,2020/9/30,4441,74,TTO,TT,2020Q3
Trinidad and Tobago,2020/12/31,7132,126,TTO,TT,2020Q4
Tunisia,2020/3/31,362,9,TUN,TN,2020Q1
Tunisia,2020/6/30,1174,50,TUN,TN,2020Q2
Tunisia,2020/9/30,18413,265,TUN,TN,2020Q3
Tunisia,2020/12/31,137216,4620,TUN,TN,2020Q4
Turkey,2020/3/31,10827,168,TUR,TR,2020Q1
Turkey,2020/6/30,198613,5115,TUR,TR,2020Q2
Turkey,2020/9/30,747992,8130,TUR,TR,2020Q3
Turkey,2020/12/31,2194272,20642,TUR,TR,2020Q4
Turkmenistan,2020/3/31,0,0,TKM,TM,2020Q1
Turkmenistan,2020/6/30,0,0,TKM,TM,2020Q2
Turkmenistan,2020/9/30,0,0,TKM,TM,2020Q3
Turkmenistan,2020/12/31,0,0,TKM,TM,2020Q4
Turks and Caicos Islands,2020/3/31,5,0,TCA,TC,2020Q1
Turks and Caicos Islands,2020/6/30,41,1,TCA,TC,2020Q2
Turks and Caicos Islands,2020/9/30,682,5,TCA,TC,2020Q3
Turks and Caicos Islands,2020/12/31,865,6,TCA,TC,2020Q4
Tuvalu,2020/3/31,0,0,TUV,TV,2020Q1
Tuvalu,2020/6/30,0,0,TUV,TV,2020Q2
Tuvalu,2020/9/30,0,0,TUV,TV,2020Q3
Tuvalu,2020/12/31,0,0,TUV,TV,2020Q4
Uganda,2020/3/31,30,0,UGA,UG,2020Q1
Uganda,2020/6/30,868,0,UGA,UG,2020Q2
Uganda,2020/9/30,8017,75,UGA,UG,2020Q3
Uganda,2020/12/31,34681,303,UGA,UG,2020Q4
Ukraine,2020/3/31,549,13,UKR,UA,2020Q1
Ukraine,2020/6/30,44334,1159,UKR,UA,2020Q2
Ukraine,2020/9/30,208959,4129,UKR,UA,2020Q3
Ukraine,2020/12/31,1055047,18533,UKR,UA,2020Q4
United Arab Emirates,2020/3/31,664,6,ARE,AE,2020Q1
United Arab Emirates,2020/6/30,48246,314,ARE,AE,2020Q2
United Arab Emirates,2020/9/30,93090,416,ARE,AE,2020Q3
United Arab Emirates,2020/12/31,206092,665,ARE,AE,2020Q4
"Tanzania, United Republic of",2020/3/31,19,0,TZA,TZ,2020Q1
"Tanzania, United Republic of",2020/6/30,509,21,TZA,TZ,2020Q2
"Tanzania, United Republic of",2020/9/30,509,21,TZA,TZ,2020Q3
"Tanzania, United Republic of",2020/12/31,509,21,TZA,TZ,2020Q4
United States,2020/3/31,173398,3331,USA,US,2020Q1
United States,2020/6/30,2607500,128279,USA,US,2020Q2
United States,2020/9/30,7217884,210343,USA,US,2020Q3
United States,2020/12/31,19584172,352188,USA,US,2020Q4
"Virgin Islands, U.S.",2020/3/31,30,0,VIR,VI,2020Q1
"Virgin Islands, U.S.",2020/6/30,81,6,VIR,VI,2020Q2
"Virgin Islands, U.S.",2020/9/30,1318,20,VIR,VI,2020Q3
"Virgin Islands, U.S.",2020/12/31,2010,23,VIR,VI,2020Q4
Uruguay,2020/3/31,309,0,URY,UY,2020Q1
Uruguay,2020/6/30,929,27,URY,UY,2020Q2
Uruguay,2020/9/30,2010,47,URY,UY,2020Q3
Uruguay,2020/12/31,17962,168,URY,UY,2020Q4
Uzbekistan,2020/3/31,167,2,UZB,UZ,2020Q1
Uzbekistan,2020/6/30,8298,24,UZB,UZ,2020Q2
Uzbekistan,2020/9/30,56519,468,UZB,UZ,2020Q3
Uzbekistan,2020/12/31,77060,614,UZB,UZ,2020Q4
Vanuatu,2020/3/31,0,0,VUT,VU,2020Q1
Vanuatu,2020/6/30,0,0,VUT,VU,2020Q2
Vanuatu,2020/9/30,0,0,VUT,VU,2020Q3
Vanuatu,2020/12/31,1,0,VUT,VU,2020Q4
"Venezuela, Bolivarian Republic of",2020/3/31,129,3,VEN,VE,2020Q1
Venezuela,2020/3/31,129,3,VEN,VE,2020Q1
"Venezuela, Bolivarian Republic of",2020/6/30,5297,44,VEN,VE,2020Q2
Venezuela,2020/6/30,5297,44,VEN,VE,2020Q2
"Venezuela, Bolivarian Republic of",2020/9/30,73528,614,VEN,VE,2020Q3
Venezuela,2020/9/30,73528,614,VEN,VE,2020Q3
"Venezuela, Bolivarian Republic of",2020/12/31,112861,1021,VEN,VE,2020Q4
Venezuela,2020/12/31,112861,1021,VEN,VE,2020Q4
Viet Nam,2020/3/31,203,0,VNM,VN,2020Q1
Vietnam,2020/3/31,203,0,VNM,VN,2020Q1
Viet Nam,2020/6/30,355,0,VNM,VN,2020Q2
Vietnam,2020/6/30,355,0,VNM,VN,2020Q2
Viet Nam,2020/9/30,1094,35,VNM,VN,2020Q3
Vietnam,2020/9/30,1094,35,VNM,VN,2020Q3
Viet Nam,2020/12/31,1456,35,VNM,VN,2020Q4
Vietnam,2020/12/31,1456,35,VNM,VN,2020Q4
Wallis and Futuna,2020/3/31,0,0,WLF,WF,2020Q1
Wallis and Futuna,2020/6/30,0,0,WLF,WF,2020Q2
Wallis and Futuna,2020/9/30,0,0,WLF,WF,2020Q3
Wallis and Futuna,2020/12/31,4,0,WLF,WF,2020Q4
Yemen,2020/3/31,0,0,YEM,YE,2020Q1
Yemen,2020/6/30,1128,304,YEM,YE,2020Q2
Yemen,2020/9/30,2035,588,YEM,YE,2020Q3
Yemen,2020/12/31,2101,611,YEM,YE,2020Q4
Zambia,2020/3/31,35,0,ZMB,ZM,2020Q1
Zambia,2020/6/30,1568,22,ZMB,ZM,2020Q2
Zambia,2020/9/30,14715,332,ZMB,ZM,2020Q3
Zambia,2020/12/31,20462,386,ZMB,ZM,2020Q4
Zimbabwe,2020/3/31,8,1,ZWE,ZW,2020Q1
Zimbabwe,2020/6/30,574,7,ZWE,ZW,2020Q2
Zimbabwe,2020/9/30,7837,228,ZWE,ZW,2020Q3
Zimbabwe,2020/12/31,13625,360,ZWE,ZW,2020Q4
