,pfCode,yr,period,periodDesc,aggrLevel,IsLeaf,rgCode,rgDesc,rtCode,rtTitle,rt3ISO,ptCode,ptTitle,pt3ISO,ptCode2,ptTitle2,pt3ISO2,cstCode,cstDesc,motCode,motDesc,cmdCode,cmdDescE,qtCode,qtDesc,qtAltCode,qtAltDesc,TradeQuantity,AltQuantity,NetWeight,GrossWeight,TradeValue,CIFValue,FOBValue,estCode
0,H5,2019,2019,2019,2,0,2,Export,699,India,IND,458,Malaysia,MYS,,,,,,,,02,Meat and edible meat offal,1,No Quantity,,,0,,0.0,,342155241,,,0
1,H5,2019,2019,2019,2,0,2,Export,699,India,IND,372,Ireland,IRL,,,,,,,,03,"Fish and crustaceans, molluscs and other aquatic invertebrates",1,No Quantity,,,0,,0.0,,4661638,,,0
2,H5,2019,2019,2019,2,0,2,Export,699,India,IND,381,Italy,ITA,,,,,,,,03,"Fish and crustaceans, molluscs and other aquatic invertebrates",1,No Quantity,,,0,,0.0,,134403167,,,0
3,H5,2019,2019,2019,2,0,2,Export,699,India,IND,392,Japan,JPN,,,,,,,,03,"Fish and crustaceans, molluscs and other aquatic invertebrates",1,No Quantity,,,0,,0.0,,419048243,,,0
4,H5,2019,2019,2019,2,0,2,Export,699,India,IND,458,Malaysia,MYS,,,,,,,,03,"Fish and crustaceans, molluscs and other aquatic invertebrates",1,No Quantity,,,0,,0.0,,47818925,,,4
5,H5,2019,2019,2019,2,0,2,Export,699,India,IND,484,Mexico,MEX,,,,,,,,03,"Fish and crustaceans, molluscs and other aquatic invertebrates",1,No Quantity,,,0,,0.0,,1086381,,,0
6,H5,2019,2019,2019,2,0,2,Export,699,India,IND,381,Italy,ITA,,,,,,,,04,"Dairy produce; birds' eggs; natural honey; edible products of animal origin, not elsewhere specified or included",1,No Quantity,,,0,,0.0,,9,,,0
7,H5,2019,2019,2019,2,0,2,Export,699,India,IND,392,Japan,JPN,,,,,,,,04,"Dairy produce; birds' eggs; natural honey; edible products of animal origin, not elsewhere specified or included",1,No Quantity,,,0,,0.0,,5145087,,,4
8,H5,2019,2019,2019,2,0,2,Export,699,India,IND,458,Malaysia,MYS,,,,,,,,04,"Dairy produce; birds' eggs; natural honey; edible products of animal origin, not elsewhere specified or included",1,No Quantity,,,0,,0.0,,1697721,,,4
9,H5,2019,2019,2019,2,0,2,Export,699,India,IND,484,Mexico,MEX,,,,,,,,04,"Dairy produce; birds' eggs; natural honey; edible products of animal origin, not elsewhere specified or included",1,No Quantity,,,0,,0.0,,156817,,,0
10,H5,2019,2019,2019,2,0,2,Export,699,India,IND,372,Ireland,IRL,,,,,,,,05,Animal originated products; not elsewhere specified or included,1,No Quantity,,,0,,0.0,,7211,,,0
11,H5,2019,2019,2019,2,0,2,Export,699,India,IND,381,Italy,ITA,,,,,,,,05,Animal originated products; not elsewhere specified or included,1,No Quantity,,,0,,0.0,,231296,,,0
12,H5,2019,2019,2019,2,0,2,Export,699,India,IND,392,Japan,JPN,,,,,,,,05,Animal originated products; not elsewhere specified or included,1,No Quantity,,,0,,0.0,,8499559,,,0
13,H5,2019,2019,2019,2,0,2,Export,699,India,IND,458,Malaysia,MYS,,,,,,,,05,Animal originated products; not elsewhere specified or included,1,No Quantity,,,0,,0.0,,1123059,,,4
14,H5,2019,2019,2019,2,0,2,Export,699,India,IND,484,Mexico,MEX,,,,,,,,05,Animal originated products; not elsewhere specified or included,1,No Quantity,,,0,,0.0,,47289,,,0
15,H5,2019,2019,2019,2,0,2,Export,699,India,IND,372,Ireland,IRL,,,,,,,,06,"Trees and other plants, live; bulbs, roots and the like; cut flowers and ornamental foliage",1,No Quantity,,,0,,0.0,,191589,,,0
16,H5,2019,2019,2019,2,0,2,Export,699,India,IND,381,Italy,ITA,,,,,,,,06,"Trees and other plants, live; bulbs, roots and the like; cut flowers and ornamental foliage",1,No Quantity,,,0,,0.0,,2555692,,,0
17,H5,2019,2019,2019,2,0,2,Export,699,India,IND,392,Japan,JPN,,,,,,,,06,"Trees and other plants, live; bulbs, roots and the like; cut flowers and ornamental foliage",1,No Quantity,,,0,,0.0,,2148015,,,0
18,H5,2019,2019,2019,2,0,2,Export,699,India,IND,458,Malaysia,MYS,,,,,,,,06,"Trees and other plants, live; bulbs, roots and the like; cut flowers and ornamental foliage",1,No Quantity,,,0,,0.0,,2539758,,,0
19,H5,2019,2019,2019,2,0,2,Export,699,India,IND,484,Mexico,MEX,,,,,,,,06,"Trees and other plants, live; bulbs, roots and the like; cut flowers and ornamental foliage",1,No Quantity,,,0,,0.0,,211106,,,0
20,H5,2019,2019,2019,2,0,2,Export,699,India,IND,372,Ireland,IRL,,,,,,,,07,Vegetables and certain roots and tubers; edible,1,No Quantity,,,0,,0.0,,629964,,,0
21,H5,2019,2019,2019,2,0,2,Export,699,India,IND,381,Italy,ITA,,,,,,,,07,Vegetables and certain roots and tubers; edible,1,No Quantity,,,0,,0.0,,6585233,,,0
22,H5,2019,2019,2019,2,0,2,Export,699,India,IND,392,Japan,JPN,,,,,,,,07,Vegetables and certain roots and tubers; edible,1,No Quantity,,,0,,0.0,,4695842,,,4
23,H5,2019,2019,2019,2,0,2,Export,699,India,IND,458,Malaysia,MYS,,,,,,,,07,Vegetables and certain roots and tubers; edible,1,No Quantity,,,0,,0.0,,78100107,,,0
24,H5,2019,2019,2019,2,0,2,Export,699,India,IND,484,Mexico,MEX,,,,,,,,07,Vegetables and certain roots and tubers; edible,1,No Quantity,,,0,,0.0,,3334301,,,0
25,H5,2019,2019,2019,2,0,2,Export,699,India,IND,372,Ireland,IRL,,,,,,,,08,"Fruit and nuts, edible; peel of citrus fruit or melons",1,No Quantity,,,0,,0.0,,1577469,,,0
26,H5,2019,2019,2019,2,0,2,Export,699,India,IND,381,Italy,ITA,,,,,,,,08,"Fruit and nuts, edible; peel of citrus fruit or melons",1,No Quantity,,,0,,0.0,,3577177,,,4
27,H5,2019,2019,2019,2,0,2,Export,699,India,IND,392,Japan,JPN,,,,,,,,08,"Fruit and nuts, edible; peel of citrus fruit or melons",1,No Quantity,,,0,,0.0,,69008756,,,4
28,H5,2019,2019,2019,2,0,2,Export,699,India,IND,458,Malaysia,MYS,,,,,,,,08,"Fruit and nuts, edible; peel of citrus fruit or melons",1,No Quantity,,,0,,0.0,,23794531,,,0
29,H5,2019,2019,2019,2,0,2,Export,699,India,IND,484,Mexico,MEX,,,,,,,,08,"Fruit and nuts, edible; peel of citrus fruit or melons",1,No Quantity,,,0,,0.0,,734273,,,0
30,H5,2019,2019,2019,2,0,2,Export,699,India,IND,372,Ireland,IRL,,,,,,,,09,"Coffee, tea, mate and spices",1,No Quantity,,,0,,0.0,,3473170,,,4
31,H5,2019,2019,2019,2,0,2,Export,699,India,IND,381,Italy,ITA,,,,,,,,09,"Coffee, tea, mate and spices",1,No Quantity,,,0,,0.0,,155259088,,,4
32,H5,2019,2019,2019,2,0,2,Export,699,India,IND,392,Japan,JPN,,,,,,,,09,"Coffee, tea, mate and spices",1,No Quantity,,,0,,0.0,,44125204,,,4
33,H5,2019,2019,2019,2,0,2,Export,699,India,IND,458,Malaysia,MYS,,,,,,,,09,"Coffee, tea, mate and spices",1,No Quantity,,,0,,0.0,,94600223,,,4
34,H5,2019,2019,2019,2,0,2,Export,699,India,IND,484,Mexico,MEX,,,,,,,,09,"Coffee, tea, mate and spices",1,No Quantity,,,0,,0.0,,9319610,,,0
35,H5,2019,2019,2019,2,0,2,Export,699,India,IND,372,Ireland,IRL,,,,,,,,10,Cereals,1,No Quantity,,,0,,0.0,,1716789,,,0
36,H5,2019,2019,2019,2,0,2,Export,699,India,IND,381,Italy,ITA,,,,,,,,10,Cereals,1,No Quantity,,,0,,0.0,,19038523,,,4
37,H5,2019,2019,2019,2,0,2,Export,699,India,IND,392,Japan,JPN,,,,,,,,10,Cereals,1,No Quantity,,,0,,0.0,,5441493,,,0
38,H5,2019,2019,2019,2,0,2,Export,699,India,IND,458,Malaysia,MYS,,,,,,,,10,Cereals,1,No Quantity,,,0,,0.0,,55506023,,,0
39,H5,2019,2019,2019,2,0,2,Export,699,India,IND,484,Mexico,MEX,,,,,,,,10,Cereals,1,No Quantity,,,0,,0.0,,1117295,,,0
40,H5,2019,2019,2019,2,0,2,Export,699,India,IND,372,Ireland,IRL,,,,,,,,11,"Products of the milling industry; malt, starches, inulin, wheat gluten",1,No Quantity,,,0,,0.0,,178147,,,0
41,H5,2019,2019,2019,2,0,2,Export,699,India,IND,381,Italy,ITA,,,,,,,,11,"Products of the milling industry; malt, starches, inulin, wheat gluten",1,No Quantity,,,0,,0.0,,1810007,,,0
42,H5,2019,2019,2019,2,0,2,Export,699,India,IND,392,Japan,JPN,,,,,,,,11,"Products of the milling industry; malt, starches, inulin, wheat gluten",1,No Quantity,,,0,,0.0,,2527078,,,0
43,H5,2019,2019,2019,2,0,2,Export,699,India,IND,458,Malaysia,MYS,,,,,,,,11,"Products of the milling industry; malt, starches, inulin, wheat gluten",1,No Quantity,,,0,,0.0,,15051661,,,4
44,H5,2019,2019,2019,2,0,2,Export,699,India,IND,484,Mexico,MEX,,,,,,,,11,"Products of the milling industry; malt, starches, inulin, wheat gluten",1,No Quantity,,,0,,0.0,,14628,,,0
45,H5,2019,2019,2019,2,0,2,Export,699,India,IND,372,Ireland,IRL,,,,,,,,12,"Oil seeds and oleaginous fruits; miscellaneous grains, seeds and fruit, industrial or medicinal plants; straw and fodder",1,No Quantity,,,0,,0.0,,2625901,,,0
46,H5,2019,2019,2019,2,0,2,Export,699,India,IND,381,Italy,ITA,,,,,,,,12,"Oil seeds and oleaginous fruits; miscellaneous grains, seeds and fruit, industrial or medicinal plants; straw and fodder",1,No Quantity,,,0,,0.0,,25276019,,,4
47,H5,2019,2019,2019,2,0,2,Export,699,India,IND,392,Japan,JPN,,,,,,,,12,"Oil seeds and oleaginous fruits; miscellaneous grains, seeds and fruit, industrial or medicinal plants; straw and fodder",1,No Quantity,,,0,,0.0,,10102493,,,0
48,H5,2019,2019,2019,2,0,2,Export,699,India,IND,458,Malaysia,MYS,,,,,,,,12,"Oil seeds and oleaginous fruits; miscellaneous grains, seeds and fruit, industrial or medicinal plants; straw and fodder",1,No Quantity,,,0,,0.0,,61267063,,,4
49,H5,2019,2019,2019,2,0,2,Export,699,India,IND,484,Mexico,MEX,,,,,,,,12,"Oil seeds and oleaginous fruits; miscellaneous grains, seeds and fruit, industrial or medicinal plants; straw and fodder",1,No Quantity,,,0,,0.0,,12128793,,,0
50,H5,2019,2019,2019,2,0,2,Export,699,India,IND,372,Ireland,IRL,,,,,,,,13,"Lac; gums, resins and other vegetable saps and extracts",1,No Quantity,,,0,,0.0,,976250,,,0
51,H5,2019,2019,2019,2,0,2,Export,699,India,IND,381,Italy,ITA,,,,,,,,13,"Lac; gums, resins and other vegetable saps and extracts",1,No Quantity,,,0,,0.0,,23553528,,,4
52,H5,2019,2019,2019,2,0,2,Export,699,India,IND,392,Japan,JPN,,,,,,,,13,"Lac; gums, resins and other vegetable saps and extracts",1,No Quantity,,,0,,0.0,,24262353,,,0
53,H5,2019,2019,2019,2,0,2,Export,699,India,IND,458,Malaysia,MYS,,,,,,,,13,"Lac; gums, resins and other vegetable saps and extracts",1,No Quantity,,,0,,0.0,,5402559,,,4
54,H5,2019,2019,2019,2,0,2,Export,699,India,IND,484,Mexico,MEX,,,,,,,,13,"Lac; gums, resins and other vegetable saps and extracts",1,No Quantity,,,0,,0.0,,7985889,,,0
55,H5,2019,2019,2019,2,0,2,Export,699,India,IND,372,Ireland,IRL,,,,,,,,14,Vegetable plaiting materials; vegetable products not elsewhere specified or included,1,No Quantity,,,0,,0.0,,343,,,0
56,H5,2019,2019,2019,2,0,2,Export,699,India,IND,381,Italy,ITA,,,,,,,,14,Vegetable plaiting materials; vegetable products not elsewhere specified or included,1,No Quantity,,,0,,0.0,,131129,,,0
57,H5,2019,2019,2019,2,0,2,Export,699,India,IND,392,Japan,JPN,,,,,,,,14,Vegetable plaiting materials; vegetable products not elsewhere specified or included,1,No Quantity,,,0,,0.0,,8371732,,,4
58,H5,2019,2019,2019,2,0,2,Export,699,India,IND,458,Malaysia,MYS,,,,,,,,14,Vegetable plaiting materials; vegetable products not elsewhere specified or included,1,No Quantity,,,0,,0.0,,490962,,,4
59,H5,2019,2019,2019,2,0,2,Export,699,India,IND,484,Mexico,MEX,,,,,,,,14,Vegetable plaiting materials; vegetable products not elsewhere specified or included,1,No Quantity,,,0,,0.0,,17275,,,0
60,H5,2019,2019,2019,2,0,2,Export,699,India,IND,372,Ireland,IRL,,,,,,,,15,Animal or vegetable fats and oils and their cleavage products; prepared animal fats; animal or vegetable waxes,1,No Quantity,,,0,,0.0,,29739,,,0
61,H5,2019,2019,2019,2,0,2,Export,699,India,IND,381,Italy,ITA,,,,,,,,15,Animal or vegetable fats and oils and their cleavage products; prepared animal fats; animal or vegetable waxes,1,No Quantity,,,0,,0.0,,28172851,,,4
62,H5,2019,2019,2019,2,0,2,Export,699,India,IND,392,Japan,JPN,,,,,,,,15,Animal or vegetable fats and oils and their cleavage products; prepared animal fats; animal or vegetable waxes,1,No Quantity,,,0,,0.0,,43880787,,,0
63,H5,2019,2019,2019,2,0,2,Export,699,India,IND,458,Malaysia,MYS,,,,,,,,15,Animal or vegetable fats and oils and their cleavage products; prepared animal fats; animal or vegetable waxes,1,No Quantity,,,0,,0.0,,16595686,,,4
64,H5,2019,2019,2019,2,0,2,Export,699,India,IND,484,Mexico,MEX,,,,,,,,15,Animal or vegetable fats and oils and their cleavage products; prepared animal fats; animal or vegetable waxes,1,No Quantity,,,0,,0.0,,7997340,,,0
65,H5,2019,2019,2019,2,0,2,Export,699,India,IND,372,Ireland,IRL,,,,,,,,16,"Meat, fish or crustaceans, molluscs or other aquatic invertebrates; preparations thereof",1,No Quantity,,,0,,0.0,,22244,,,0
66,H5,2019,2019,2019,2,0,2,Export,699,India,IND,381,Italy,ITA,,,,,,,,16,"Meat, fish or crustaceans, molluscs or other aquatic invertebrates; preparations thereof",1,No Quantity,,,0,,0.0,,3703632,,,0
67,H5,2019,2019,2019,2,0,2,Export,699,India,IND,392,Japan,JPN,,,,,,,,16,"Meat, fish or crustaceans, molluscs or other aquatic invertebrates; preparations thereof",1,No Quantity,,,0,,0.0,,6326649,,,0
68,H5,2019,2019,2019,2,0,2,Export,699,India,IND,458,Malaysia,MYS,,,,,,,,16,"Meat, fish or crustaceans, molluscs or other aquatic invertebrates; preparations thereof",1,No Quantity,,,0,,0.0,,8411,,,4
69,H5,2019,2019,2019,2,0,2,Export,699,India,IND,372,Ireland,IRL,,,,,,,,17,Sugars and sugar confectionery,1,No Quantity,,,0,,0.0,,21840,,,4
70,H5,2019,2019,2019,2,0,2,Export,699,India,IND,381,Italy,ITA,,,,,,,,17,Sugars and sugar confectionery,1,No Quantity,,,0,,0.0,,13036732,,,4
71,H5,2019,2019,2019,2,0,2,Export,699,India,IND,392,Japan,JPN,,,,,,,,17,Sugars and sugar confectionery,1,No Quantity,,,0,,0.0,,92186,,,4
72,H5,2019,2019,2019,2,0,2,Export,699,India,IND,458,Malaysia,MYS,,,,,,,,17,Sugars and sugar confectionery,1,No Quantity,,,0,,0.0,,36712429,,,4
73,H5,2019,2019,2019,2,0,2,Export,699,India,IND,484,Mexico,MEX,,,,,,,,17,Sugars and sugar confectionery,1,No Quantity,,,0,,0.0,,49637,,,0
74,H5,2019,2019,2019,2,0,2,Export,699,India,IND,381,Italy,ITA,,,,,,,,18,Cocoa and cocoa preparations,1,No Quantity,,,0,,0.0,,1917,,,0
75,H5,2019,2019,2019,2,0,2,Export,699,India,IND,392,Japan,JPN,,,,,,,,18,Cocoa and cocoa preparations,1,No Quantity,,,0,,0.0,,21944,,,0
76,H5,2019,2019,2019,2,0,2,Export,699,India,IND,458,Malaysia,MYS,,,,,,,,18,Cocoa and cocoa preparations,1,No Quantity,,,0,,0.0,,6950869,,,0
77,H5,2019,2019,2019,2,0,2,Export,699,India,IND,484,Mexico,MEX,,,,,,,,18,Cocoa and cocoa preparations,1,No Quantity,,,0,,0.0,,428424,,,0
78,H5,2019,2019,2019,2,0,2,Export,699,India,IND,372,Ireland,IRL,,,,,,,,19,"Preparations of cereals, flour, starch or milk; pastrycooks' products",1,No Quantity,,,0,,0.0,,379735,,,0
79,H5,2019,2019,2019,2,0,2,Export,699,India,IND,381,Italy,ITA,,,,,,,,19,"Preparations of cereals, flour, starch or milk; pastrycooks' products",1,No Quantity,,,0,,0.0,,1429312,,,0
80,H5,2019,2019,2019,2,0,2,Export,699,India,IND,392,Japan,JPN,,,,,,,,19,"Preparations of cereals, flour, starch or milk; pastrycooks' products",1,No Quantity,,,0,,0.0,,1040484,,,0
81,H5,2019,2019,2019,2,0,2,Export,699,India,IND,458,Malaysia,MYS,,,,,,,,19,"Preparations of cereals, flour, starch or milk; pastrycooks' products",1,No Quantity,,,0,,0.0,,20304216,,,4
82,H5,2019,2019,2019,2,0,2,Export,699,India,IND,484,Mexico,MEX,,,,,,,,19,"Preparations of cereals, flour, starch or milk; pastrycooks' products",1,No Quantity,,,0,,0.0,,1758115,,,0
83,H5,2019,2019,2019,2,0,2,Export,699,India,IND,372,Ireland,IRL,,,,,,,,20,"Preparations of vegetables, fruit, nuts or other parts of plants",1,No Quantity,,,0,,0.0,,344592,,,0
84,H5,2019,2019,2019,2,0,2,Export,699,India,IND,381,Italy,ITA,,,,,,,,20,"Preparations of vegetables, fruit, nuts or other parts of plants",1,No Quantity,,,0,,0.0,,3381536,,,0
85,H5,2019,2019,2019,2,0,2,Export,699,India,IND,392,Japan,JPN,,,,,,,,20,"Preparations of vegetables, fruit, nuts or other parts of plants",1,No Quantity,,,0,,0.0,,9236074,,,4
86,H5,2019,2019,2019,2,0,2,Export,699,India,IND,458,Malaysia,MYS,,,,,,,,20,"Preparations of vegetables, fruit, nuts or other parts of plants",1,No Quantity,,,0,,0.0,,4374178,,,4
87,H5,2019,2019,2019,2,0,2,Export,699,India,IND,484,Mexico,MEX,,,,,,,,20,"Preparations of vegetables, fruit, nuts or other parts of plants",1,No Quantity,,,0,,0.0,,351427,,,0
88,H5,2019,2019,2019,2,0,2,Export,699,India,IND,372,Ireland,IRL,,,,,,,,21,Miscellaneous edible preparations,1,No Quantity,,,0,,0.0,,9750860,,,4
89,H5,2019,2019,2019,2,0,2,Export,699,India,IND,381,Italy,ITA,,,,,,,,21,Miscellaneous edible preparations,1,No Quantity,,,0,,0.0,,4814024,,,0
90,H5,2019,2019,2019,2,0,2,Export,699,India,IND,392,Japan,JPN,,,,,,,,21,Miscellaneous edible preparations,1,No Quantity,,,0,,0.0,,9247713,,,0
91,H5,2019,2019,2019,2,0,2,Export,699,India,IND,458,Malaysia,MYS,,,,,,,,21,Miscellaneous edible preparations,1,No Quantity,,,0,,0.0,,22181937,,,4
92,H5,2019,2019,2019,2,0,2,Export,699,India,IND,484,Mexico,MEX,,,,,,,,21,Miscellaneous edible preparations,1,No Quantity,,,0,,0.0,,26955,,,0
93,H5,2019,2019,2019,2,0,2,Export,699,India,IND,372,Ireland,IRL,,,,,,,,22,"Beverages, spirits and vinegar",1,No Quantity,,,0,,0.0,,16747,,,0
94,H5,2019,2019,2019,2,0,2,Export,699,India,IND,381,Italy,ITA,,,,,,,,22,"Beverages, spirits and vinegar",1,No Quantity,,,0,,0.0,,251878,,,0
95,H5,2019,2019,2019,2,0,2,Export,699,India,IND,392,Japan,JPN,,,,,,,,22,"Beverages, spirits and vinegar",1,No Quantity,,,0,,0.0,,957127,,,4
96,H5,2019,2019,2019,2,0,2,Export,699,India,IND,458,Malaysia,MYS,,,,,,,,22,"Beverages, spirits and vinegar",1,No Quantity,,,0,,0.0,,5790616,,,4
97,H5,2019,2019,2019,2,0,2,Export,699,India,IND,372,Ireland,IRL,,,,,,,,23,"Food industries, residues and wastes thereof; prepared animal fodder",1,No Quantity,,,0,,0.0,,637938,,,0
98,H5,2019,2019,2019,2,0,2,Export,699,India,IND,381,Italy,ITA,,,,,,,,23,"Food industries, residues and wastes thereof; prepared animal fodder",1,No Quantity,,,0,,0.0,,2458095,,,0
99,H5,2019,2019,2019,2,0,2,Export,699,India,IND,392,Japan,JPN,,,,,,,,23,"Food industries, residues and wastes thereof; prepared animal fodder",1,No Quantity,,,0,,0.0,,43575417,,,4
100,H5,2019,2019,2019,2,0,2,Export,699,India,IND,458,Malaysia,MYS,,,,,,,,23,"Food industries, residues and wastes thereof; prepared animal fodder",1,No Quantity,,,0,,0.0,,11171190,,,4
101,H5,2019,2019,2019,2,0,2,Export,699,India,IND,484,Mexico,MEX,,,,,,,,23,"Food industries, residues and wastes thereof; prepared animal fodder",1,No Quantity,,,0,,0.0,,3038569,,,0
102,H5,2019,2019,2019,2,0,2,Export,699,India,IND,372,Ireland,IRL,,,,,,,,24,Tobacco and manufactured tobacco substitutes,1,No Quantity,,,0,,0.0,,42701,,,0
103,H5,2019,2019,2019,2,0,2,Export,699,India,IND,381,Italy,ITA,,,,,,,,24,Tobacco and manufactured tobacco substitutes,1,No Quantity,,,0,,0.0,,842851,,,0
104,H5,2019,2019,2019,2,0,2,Export,699,India,IND,392,Japan,JPN,,,,,,,,24,Tobacco and manufactured tobacco substitutes,1,No Quantity,,,0,,0.0,,971615,,,4
105,H5,2019,2019,2019,2,0,2,Export,699,India,IND,458,Malaysia,MYS,,,,,,,,24,Tobacco and manufactured tobacco substitutes,1,No Quantity,,,0,,0.0,,8707858,,,4
106,H5,2019,2019,2019,2,0,2,Export,699,India,IND,372,Ireland,IRL,,,,,,,,25,"Salt; sulphur; earths, stone; plastering materials, lime and cement",1,No Quantity,,,0,,0.0,,4671269,,,0
107,H5,2019,2019,2019,2,0,2,Export,699,India,IND,381,Italy,ITA,,,,,,,,25,"Salt; sulphur; earths, stone; plastering materials, lime and cement",1,No Quantity,,,0,,0.0,,17166349,,,4
108,H5,2019,2019,2019,2,0,2,Export,699,India,IND,392,Japan,JPN,,,,,,,,25,"Salt; sulphur; earths, stone; plastering materials, lime and cement",1,No Quantity,,,0,,0.0,,40734859,,,4
109,H5,2019,2019,2019,2,0,2,Export,699,India,IND,458,Malaysia,MYS,,,,,,,,25,"Salt; sulphur; earths, stone; plastering materials, lime and cement",1,No Quantity,,,0,,0.0,,48527161,,,4
110,H5,2019,2019,2019,2,0,2,Export,699,India,IND,484,Mexico,MEX,,,,,,,,25,"Salt; sulphur; earths, stone; plastering materials, lime and cement",1,No Quantity,,,0,,0.0,,1184349,,,4
111,H5,2019,2019,2019,2,0,2,Export,699,India,IND,381,Italy,ITA,,,,,,,,26,"Ores, slag and ash",1,No Quantity,,,0,,0.0,,7546796,,,0
112,H5,2019,2019,2019,2,0,2,Export,699,India,IND,392,Japan,JPN,,,,,,,,26,"Ores, slag and ash",1,No Quantity,,,0,,0.0,,209464974,,,4
113,H5,2019,2019,2019,2,0,2,Export,699,India,IND,458,Malaysia,MYS,,,,,,,,26,"Ores, slag and ash",1,No Quantity,,,0,,0.0,,96869601,,,0
114,H5,2019,2019,2019,2,0,2,Export,699,India,IND,484,Mexico,MEX,,,,,,,,26,"Ores, slag and ash",1,No Quantity,,,0,,0.0,,358816,,,0
115,H5,2019,2019,2019,2,0,2,Export,699,India,IND,372,Ireland,IRL,,,,,,,,27,"Mineral fuels, mineral oils and products of their distillation; bituminous substances; mineral waxes",1,No Quantity,,,0,,0.0,,35171,,,0
116,H5,2019,2019,2019,2,0,2,Export,699,India,IND,381,Italy,ITA,,,,,,,,27,"Mineral fuels, mineral oils and products of their distillation; bituminous substances; mineral waxes",1,No Quantity,,,0,,0.0,,130218972,,,4
117,H5,2019,2019,2019,2,0,2,Export,699,India,IND,392,Japan,JPN,,,,,,,,27,"Mineral fuels, mineral oils and products of their distillation; bituminous substances; mineral waxes",1,No Quantity,,,0,,0.0,,579140264,,,4
118,H5,2019,2019,2019,2,0,2,Export,699,India,IND,458,Malaysia,MYS,,,,,,,,27,"Mineral fuels, mineral oils and products of their distillation; bituminous substances; mineral waxes",1,No Quantity,,,0,,0.0,,1518665855,,,4
119,H5,2019,2019,2019,2,0,2,Export,699,India,IND,484,Mexico,MEX,,,,,,,,27,"Mineral fuels, mineral oils and products of their distillation; bituminous substances; mineral waxes",1,No Quantity,,,0,,0.0,,906686,,,4
120,H5,2019,2019,2019,2,0,2,Export,699,India,IND,372,Ireland,IRL,,,,,,,,28,"Inorganic chemicals; organic and inorganic compounds of precious metals; of rare earth metals, of radio-active elements and of isotopes",1,No Quantity,,,0,,0.0,,266357,,,4
121,H5,2019,2019,2019,2,0,2,Export,699,India,IND,381,Italy,ITA,,,,,,,,28,"Inorganic chemicals; organic and inorganic compounds of precious metals; of rare earth metals, of radio-active elements and of isotopes",1,No Quantity,,,0,,0.0,,18341757,,,4
122,H5,2019,2019,2019,2,0,2,Export,699,India,IND,392,Japan,JPN,,,,,,,,28,"Inorganic chemicals; organic and inorganic compounds of precious metals; of rare earth metals, of radio-active elements and of isotopes",1,No Quantity,,,0,,0.0,,76795951,,,4
123,H5,2019,2019,2019,2,0,2,Export,699,India,IND,458,Malaysia,MYS,,,,,,,,28,"Inorganic chemicals; organic and inorganic compounds of precious metals; of rare earth metals, of radio-active elements and of isotopes",1,No Quantity,,,0,,0.0,,114096972,,,4
124,H5,2019,2019,2019,2,0,2,Export,699,India,IND,484,Mexico,MEX,,,,,,,,28,"Inorganic chemicals; organic and inorganic compounds of precious metals; of rare earth metals, of radio-active elements and of isotopes",1,No Quantity,,,0,,0.0,,12246444,,,4
125,H5,2019,2019,2019,2,0,2,Export,699,India,IND,372,Ireland,IRL,,,,,,,,29,Organic chemicals,1,No Quantity,,,0,,0.0,,203989196,,,4
126,H5,2019,2019,2019,2,0,2,Export,699,India,IND,381,Italy,ITA,,,,,,,,29,Organic chemicals,1,No Quantity,,,0,,0.0,,348560631,,,4
127,H5,2019,2019,2019,2,0,2,Export,699,India,IND,392,Japan,JPN,,,,,,,,29,Organic chemicals,1,No Quantity,,,0,,0.0,,572028406,,,4
128,H5,2019,2019,2019,2,0,2,Export,699,India,IND,458,Malaysia,MYS,,,,,,,,29,Organic chemicals,1,No Quantity,,,0,,0.0,,561066368,,,4
129,H5,2019,2019,2019,2,0,2,Export,699,India,IND,484,Mexico,MEX,,,,,,,,29,Organic chemicals,1,No Quantity,,,0,,0.0,,308036111,,,4
130,H5,2019,2019,2019,2,0,2,Export,699,India,IND,372,Ireland,IRL,,,,,,,,30,Pharmaceutical products,1,No Quantity,,,0,,0.0,,24982198,,,4
131,H5,2019,2019,2019,2,0,2,Export,699,India,IND,381,Italy,ITA,,,,,,,,30,Pharmaceutical products,1,No Quantity,,,0,,0.0,,37959639,,,4
132,H5,2019,2019,2019,2,0,2,Export,699,India,IND,392,Japan,JPN,,,,,,,,30,Pharmaceutical products,1,No Quantity,,,0,,0.0,,64175032,,,4
133,H5,2019,2019,2019,2,0,2,Export,699,India,IND,458,Malaysia,MYS,,,,,,,,30,Pharmaceutical products,1,No Quantity,,,0,,0.0,,57783229,,,4
134,H5,2019,2019,2019,2,0,2,Export,699,India,IND,484,Mexico,MEX,,,,,,,,30,Pharmaceutical products,1,No Quantity,,,0,,0.0,,63393695,,,4
135,H5,2019,2019,2019,2,0,2,Export,699,India,IND,372,Ireland,IRL,,,,,,,,31,Fertilizers,1,No Quantity,,,0,,0.0,,23,,,0
136,H5,2019,2019,2019,2,0,2,Export,699,India,IND,381,Italy,ITA,,,,,,,,31,Fertilizers,1,No Quantity,,,0,,0.0,,109203,,,0
137,H5,2019,2019,2019,2,0,2,Export,699,India,IND,392,Japan,JPN,,,,,,,,31,Fertilizers,1,No Quantity,,,0,,0.0,,92843,,,0
138,H5,2019,2019,2019,2,0,2,Export,699,India,IND,458,Malaysia,MYS,,,,,,,,31,Fertilizers,1,No Quantity,,,0,,0.0,,11220559,,,4
139,H5,2019,2019,2019,2,0,2,Export,699,India,IND,484,Mexico,MEX,,,,,,,,31,Fertilizers,1,No Quantity,,,0,,0.0,,107893,,,0
140,H5,2019,2019,2019,2,0,2,Export,699,India,IND,372,Ireland,IRL,,,,,,,,32,"Tanning or dyeing extracts; tannins and their derivatives; dyes, pigments and other colouring matter; paints, varnishes; putty, other mastics; inks",1,No Quantity,,,0,,0.0,,1182744,,,4
141,H5,2019,2019,2019,2,0,2,Export,699,India,IND,381,Italy,ITA,,,,,,,,32,"Tanning or dyeing extracts; tannins and their derivatives; dyes, pigments and other colouring matter; paints, varnishes; putty, other mastics; inks",1,No Quantity,,,0,,0.0,,131668584,,,4
142,H5,2019,2019,2019,2,0,2,Export,699,India,IND,392,Japan,JPN,,,,,,,,32,"Tanning or dyeing extracts; tannins and their derivatives; dyes, pigments and other colouring matter; paints, varnishes; putty, other mastics; inks",1,No Quantity,,,0,,0.0,,87886955,,,4
143,H5,2019,2019,2019,2,0,2,Export,699,India,IND,458,Malaysia,MYS,,,,,,,,32,"Tanning or dyeing extracts; tannins and their derivatives; dyes, pigments and other colouring matter; paints, varnishes; putty, other mastics; inks",1,No Quantity,,,0,,0.0,,27186262,,,4
144,H5,2019,2019,2019,2,0,2,Export,699,India,IND,484,Mexico,MEX,,,,,,,,32,"Tanning or dyeing extracts; tannins and their derivatives; dyes, pigments and other colouring matter; paints, varnishes; putty, other mastics; inks",1,No Quantity,,,0,,0.0,,86004351,,,4
145,H5,2019,2019,2019,2,0,2,Export,699,India,IND,372,Ireland,IRL,,,,,,,,33,"Essential oils and resinoids; perfumery, cosmetic or toilet preparations",1,No Quantity,,,0,,0.0,,1785701,,,4
146,H5,2019,2019,2019,2,0,2,Export,699,India,IND,381,Italy,ITA,,,,,,,,33,"Essential oils and resinoids; perfumery, cosmetic or toilet preparations",1,No Quantity,,,0,,0.0,,6481026,,,4
147,H5,2019,2019,2019,2,0,2,Export,699,India,IND,392,Japan,JPN,,,,,,,,33,"Essential oils and resinoids; perfumery, cosmetic or toilet preparations",1,No Quantity,,,0,,0.0,,30826250,,,4
148,H5,2019,2019,2019,2,0,2,Export,699,India,IND,458,Malaysia,MYS,,,,,,,,33,"Essential oils and resinoids; perfumery, cosmetic or toilet preparations",1,No Quantity,,,0,,0.0,,21981614,,,4
149,H5,2019,2019,2019,2,0,2,Export,699,India,IND,484,Mexico,MEX,,,,,,,,33,"Essential oils and resinoids; perfumery, cosmetic or toilet preparations",1,No Quantity,,,0,,0.0,,10477761,,,4
150,H5,2019,2019,2019,2,0,2,Export,699,India,IND,372,Ireland,IRL,,,,,,,,34,"Soap, organic surface-active agents; washing, lubricating, polishing or scouring preparations; artificial or prepared waxes, candles and similar articles, modelling pastes, dental waxes and dental preparations with a basis of plaster",1,No Quantity,,,0,,0.0,,516303,,,4
151,H5,2019,2019,2019,2,0,2,Export,699,India,IND,381,Italy,ITA,,,,,,,,34,"Soap, organic surface-active agents; washing, lubricating, polishing or scouring preparations; artificial or prepared waxes, candles and similar articles, modelling pastes, dental waxes and dental preparations with a basis of plaster",1,No Quantity,,,0,,0.0,,5231771,,,4
152,H5,2019,2019,2019,2,0,2,Export,699,India,IND,392,Japan,JPN,,,,,,,,34,"Soap, organic surface-active agents; washing, lubricating, polishing or scouring preparations; artificial or prepared waxes, candles and similar articles, modelling pastes, dental waxes and dental preparations with a basis of plaster",1,No Quantity,,,0,,0.0,,1572422,,,4
153,H5,2019,2019,2019,2,0,2,Export,699,India,IND,458,Malaysia,MYS,,,,,,,,34,"Soap, organic surface-active agents; washing, lubricating, polishing or scouring preparations; artificial or prepared waxes, candles and similar articles, modelling pastes, dental waxes and dental preparations with a basis of plaster",1,No Quantity,,,0,,0.0,,8306946,,,4
154,H5,2019,2019,2019,2,0,2,Export,699,India,IND,484,Mexico,MEX,,,,,,,,34,"Soap, organic surface-active agents; washing, lubricating, polishing or scouring preparations; artificial or prepared waxes, candles and similar articles, modelling pastes, dental waxes and dental preparations with a basis of plaster",1,No Quantity,,,0,,0.0,,3701229,,,0
155,H5,2019,2019,2019,2,0,2,Export,699,India,IND,372,Ireland,IRL,,,,,,,,35,Albuminoidal substances; modified starches; glues; enzymes,1,No Quantity,,,0,,0.0,,732295,,,4
156,H5,2019,2019,2019,2,0,2,Export,699,India,IND,381,Italy,ITA,,,,,,,,35,Albuminoidal substances; modified starches; glues; enzymes,1,No Quantity,,,0,,0.0,,1538155,,,4
157,H5,2019,2019,2019,2,0,2,Export,699,India,IND,392,Japan,JPN,,,,,,,,35,Albuminoidal substances; modified starches; glues; enzymes,1,No Quantity,,,0,,0.0,,15098250,,,4
158,H5,2019,2019,2019,2,0,2,Export,699,India,IND,458,Malaysia,MYS,,,,,,,,35,Albuminoidal substances; modified starches; glues; enzymes,1,No Quantity,,,0,,0.0,,2267948,,,4
159,H5,2019,2019,2019,2,0,2,Export,699,India,IND,484,Mexico,MEX,,,,,,,,35,Albuminoidal substances; modified starches; glues; enzymes,1,No Quantity,,,0,,0.0,,422300,,,0
160,H5,2019,2019,2019,2,0,2,Export,699,India,IND,372,Ireland,IRL,,,,,,,,36,Explosives; pyrotechnic products; matches; pyrophoric alloys; certain combustible preparations,1,No Quantity,,,0,,0.0,,377,,,0
161,H5,2019,2019,2019,2,0,2,Export,699,India,IND,458,Malaysia,MYS,,,,,,,,36,Explosives; pyrotechnic products; matches; pyrophoric alloys; certain combustible preparations,1,No Quantity,,,0,,0.0,,2566170,,,4
162,H5,2019,2019,2019,2,0,2,Export,699,India,IND,484,Mexico,MEX,,,,,,,,36,Explosives; pyrotechnic products; matches; pyrophoric alloys; certain combustible preparations,1,No Quantity,,,0,,0.0,,348058,,,0
163,H5,2019,2019,2019,2,0,2,Export,699,India,IND,381,Italy,ITA,,,,,,,,37,Photographic or cinematographic goods,1,No Quantity,,,0,,0.0,,588,,,4
164,H5,2019,2019,2019,2,0,2,Export,699,India,IND,392,Japan,JPN,,,,,,,,37,Photographic or cinematographic goods,1,No Quantity,,,0,,0.0,,24599,,,4
165,H5,2019,2019,2019,2,0,2,Export,699,India,IND,458,Malaysia,MYS,,,,,,,,37,Photographic or cinematographic goods,1,No Quantity,,,0,,0.0,,43847,,,4
166,H5,2019,2019,2019,2,0,2,Export,699,India,IND,484,Mexico,MEX,,,,,,,,37,Photographic or cinematographic goods,1,No Quantity,,,0,,0.0,,1143,,,4
167,H5,2019,2019,2019,2,0,2,Export,699,India,IND,372,Ireland,IRL,,,,,,,,38,Chemical products n.e.c.,1,No Quantity,,,0,,0.0,,1326728,,,4
168,H5,2019,2019,2019,2,0,2,Export,699,India,IND,381,Italy,ITA,,,,,,,,38,Chemical products n.e.c.,1,No Quantity,,,0,,0.0,,37492158,,,4
169,H5,2019,2019,2019,2,0,2,Export,699,India,IND,392,Japan,JPN,,,,,,,,38,Chemical products n.e.c.,1,No Quantity,,,0,,0.0,,141760764,,,4
170,H5,2019,2019,2019,2,0,2,Export,699,India,IND,458,Malaysia,MYS,,,,,,,,38,Chemical products n.e.c.,1,No Quantity,,,0,,0.0,,60397258,,,4
171,H5,2019,2019,2019,2,0,2,Export,699,India,IND,484,Mexico,MEX,,,,,,,,38,Chemical products n.e.c.,1,No Quantity,,,0,,0.0,,45466937,,,4
172,H5,2019,2019,2019,2,0,2,Export,699,India,IND,372,Ireland,IRL,,,,,,,,39,Plastics and articles thereof,1,No Quantity,,,0,,0.0,,13594054,,,4
173,H5,2019,2019,2019,2,0,2,Export,699,India,IND,381,Italy,ITA,,,,,,,,39,Plastics and articles thereof,1,No Quantity,,,0,,0.0,,270580775,,,4
174,H5,2019,2019,2019,2,0,2,Export,699,India,IND,392,Japan,JPN,,,,,,,,39,Plastics and articles thereof,1,No Quantity,,,0,,0.0,,112991188,,,4
175,H5,2019,2019,2019,2,0,2,Export,699,India,IND,458,Malaysia,MYS,,,,,,,,39,Plastics and articles thereof,1,No Quantity,,,0,,0.0,,59062427,,,4
176,H5,2019,2019,2019,2,0,2,Export,699,India,IND,484,Mexico,MEX,,,,,,,,39,Plastics and articles thereof,1,No Quantity,,,0,,0.0,,89132782,,,4
177,H5,2019,2019,2019,2,0,2,Export,699,India,IND,372,Ireland,IRL,,,,,,,,40,Rubber and articles thereof,1,No Quantity,,,0,,0.0,,26771986,,,4
178,H5,2019,2019,2019,2,0,2,Export,699,India,IND,381,Italy,ITA,,,,,,,,40,Rubber and articles thereof,1,No Quantity,,,0,,0.0,,83384051,,,4
179,H5,2019,2019,2019,2,0,2,Export,699,India,IND,392,Japan,JPN,,,,,,,,40,Rubber and articles thereof,1,No Quantity,,,0,,0.0,,26475878,,,4
180,H5,2019,2019,2019,2,0,2,Export,699,India,IND,458,Malaysia,MYS,,,,,,,,40,Rubber and articles thereof,1,No Quantity,,,0,,0.0,,18720210,,,4
181,H5,2019,2019,2019,2,0,2,Export,699,India,IND,484,Mexico,MEX,,,,,,,,40,Rubber and articles thereof,1,No Quantity,,,0,,0.0,,40321926,,,4
182,H5,2019,2019,2019,2,0,2,Export,699,India,IND,381,Italy,ITA,,,,,,,,41,Raw hides and skins (other than furskins) and leather,1,No Quantity,,,0,,0.0,,66040787,,,4
183,H5,2019,2019,2019,2,0,2,Export,699,India,IND,392,Japan,JPN,,,,,,,,41,Raw hides and skins (other than furskins) and leather,1,No Quantity,,,0,,0.0,,3302085,,,0
184,H5,2019,2019,2019,2,0,2,Export,699,India,IND,458,Malaysia,MYS,,,,,,,,41,Raw hides and skins (other than furskins) and leather,1,No Quantity,,,0,,0.0,,14967395,,,0
185,H5,2019,2019,2019,2,0,2,Export,699,India,IND,484,Mexico,MEX,,,,,,,,41,Raw hides and skins (other than furskins) and leather,1,No Quantity,,,0,,0.0,,2219954,,,0
186,H5,2019,2019,2019,2,0,2,Export,699,India,IND,372,Ireland,IRL,,,,,,,,42,"Articles of leather; saddlery and harness; travel goods, handbags and similar containers; articles of animal gut (other than silk-worm gut)",1,No Quantity,,,0,,0.0,,5071805,,,4
187,H5,2019,2019,2019,2,0,2,Export,699,India,IND,381,Italy,ITA,,,,,,,,42,"Articles of leather; saddlery and harness; travel goods, handbags and similar containers; articles of animal gut (other than silk-worm gut)",1,No Quantity,,,0,,0.0,,161969216,,,4
188,H5,2019,2019,2019,2,0,2,Export,699,India,IND,392,Japan,JPN,,,,,,,,42,"Articles of leather; saddlery and harness; travel goods, handbags and similar containers; articles of animal gut (other than silk-worm gut)",1,No Quantity,,,0,,0.0,,39321888,,,4
189,H5,2019,2019,2019,2,0,2,Export,699,India,IND,458,Malaysia,MYS,,,,,,,,42,"Articles of leather; saddlery and harness; travel goods, handbags and similar containers; articles of animal gut (other than silk-worm gut)",1,No Quantity,,,0,,0.0,,8955028,,,4
190,H5,2019,2019,2019,2,0,2,Export,699,India,IND,484,Mexico,MEX,,,,,,,,42,"Articles of leather; saddlery and harness; travel goods, handbags and similar containers; articles of animal gut (other than silk-worm gut)",1,No Quantity,,,0,,0.0,,14796050,,,4
191,H5,2019,2019,2019,2,0,2,Export,699,India,IND,381,Italy,ITA,,,,,,,,43,Furskins and artificial fur; manufactures thereof,1,No Quantity,,,0,,0.0,,310860,,,4
192,H5,2019,2019,2019,2,0,2,Export,699,India,IND,392,Japan,JPN,,,,,,,,43,Furskins and artificial fur; manufactures thereof,1,No Quantity,,,0,,0.0,,45069,,,0
193,H5,2019,2019,2019,2,0,2,Export,699,India,IND,458,Malaysia,MYS,,,,,,,,43,Furskins and artificial fur; manufactures thereof,1,No Quantity,,,0,,0.0,,31204,,,0
194,H5,2019,2019,2019,2,0,2,Export,699,India,IND,484,Mexico,MEX,,,,,,,,43,Furskins and artificial fur; manufactures thereof,1,No Quantity,,,0,,0.0,,89290,,,0
195,H5,2019,2019,2019,2,0,2,Export,699,India,IND,372,Ireland,IRL,,,,,,,,44,Wood and articles of wood; wood charcoal,1,No Quantity,,,0,,0.0,,512749,,,4
196,H5,2019,2019,2019,2,0,2,Export,699,India,IND,381,Italy,ITA,,,,,,,,44,Wood and articles of wood; wood charcoal,1,No Quantity,,,0,,0.0,,4013887,,,4
197,H5,2019,2019,2019,2,0,2,Export,699,India,IND,392,Japan,JPN,,,,,,,,44,Wood and articles of wood; wood charcoal,1,No Quantity,,,0,,0.0,,1601211,,,4
198,H5,2019,2019,2019,2,0,2,Export,699,India,IND,458,Malaysia,MYS,,,,,,,,44,Wood and articles of wood; wood charcoal,1,No Quantity,,,0,,0.0,,3209634,,,4
199,H5,2019,2019,2019,2,0,2,Export,699,India,IND,484,Mexico,MEX,,,,,,,,44,Wood and articles of wood; wood charcoal,1,No Quantity,,,0,,0.0,,3257550,,,4
200,H5,2019,2019,2019,2,0,2,Export,699,India,IND,372,Ireland,IRL,,,,,,,,45,Cork and articles of cork,1,No Quantity,,,0,,0.0,,1209,,,0
201,H5,2019,2019,2019,2,0,2,Export,699,India,IND,381,Italy,ITA,,,,,,,,45,Cork and articles of cork,1,No Quantity,,,0,,0.0,,101732,,,0
202,H5,2019,2019,2019,2,0,2,Export,699,India,IND,392,Japan,JPN,,,,,,,,45,Cork and articles of cork,1,No Quantity,,,0,,0.0,,0,,,4
203,H5,2019,2019,2019,2,0,2,Export,699,India,IND,458,Malaysia,MYS,,,,,,,,45,Cork and articles of cork,1,No Quantity,,,0,,0.0,,56932,,,0
204,H5,2019,2019,2019,2,0,2,Export,699,India,IND,484,Mexico,MEX,,,,,,,,45,Cork and articles of cork,1,No Quantity,,,0,,0.0,,91,,,4
205,H5,2019,2019,2019,2,0,2,Export,699,India,IND,381,Italy,ITA,,,,,,,,46,"Manufactures of straw, esparto or other plaiting materials; basketware and wickerwork",1,No Quantity,,,0,,0.0,,423138,,,0
206,H5,2019,2019,2019,2,0,2,Export,699,India,IND,392,Japan,JPN,,,,,,,,46,"Manufactures of straw, esparto or other plaiting materials; basketware and wickerwork",1,No Quantity,,,0,,0.0,,128853,,,0
207,H5,2019,2019,2019,2,0,2,Export,699,India,IND,458,Malaysia,MYS,,,,,,,,46,"Manufactures of straw, esparto or other plaiting materials; basketware and wickerwork",1,No Quantity,,,0,,0.0,,118332,,,4
208,H5,2019,2019,2019,2,0,2,Export,699,India,IND,484,Mexico,MEX,,,,,,,,46,"Manufactures of straw, esparto or other plaiting materials; basketware and wickerwork",1,No Quantity,,,0,,0.0,,87644,,,0
209,H5,2019,2019,2019,2,0,2,Export,699,India,IND,381,Italy,ITA,,,,,,,,47,Pulp of wood or other fibrous cellulosic material; recovered (waste and scrap) paper or paperboard,1,No Quantity,,,0,,0.0,,4014,,,0
210,H5,2019,2019,2019,2,0,2,Export,699,India,IND,458,Malaysia,MYS,,,,,,,,47,Pulp of wood or other fibrous cellulosic material; recovered (waste and scrap) paper or paperboard,1,No Quantity,,,0,,0.0,,2972,,,0
211,H5,2019,2019,2019,2,0,2,Export,699,India,IND,372,Ireland,IRL,,,,,,,,48,"Paper and paperboard; articles of paper pulp, of paper or paperboard",1,No Quantity,,,0,,0.0,,2274588,,,4
212,H5,2019,2019,2019,2,0,2,Export,699,India,IND,381,Italy,ITA,,,,,,,,48,"Paper and paperboard; articles of paper pulp, of paper or paperboard",1,No Quantity,,,0,,0.0,,22790552,,,4
213,H5,2019,2019,2019,2,0,2,Export,699,India,IND,392,Japan,JPN,,,,,,,,48,"Paper and paperboard; articles of paper pulp, of paper or paperboard",1,No Quantity,,,0,,0.0,,824107,,,4
214,H5,2019,2019,2019,2,0,2,Export,699,India,IND,458,Malaysia,MYS,,,,,,,,48,"Paper and paperboard; articles of paper pulp, of paper or paperboard",1,No Quantity,,,0,,0.0,,40908945,,,4
215,H5,2019,2019,2019,2,0,2,Export,699,India,IND,484,Mexico,MEX,,,,,,,,48,"Paper and paperboard; articles of paper pulp, of paper or paperboard",1,No Quantity,,,0,,0.0,,13437301,,,4
216,H5,2019,2019,2019,2,0,2,Export,699,India,IND,372,Ireland,IRL,,,,,,,,49,"Printed books, newspapers, pictures and other products of the printing industry; manuscripts, typescripts and plans",1,No Quantity,,,0,,0.0,,760619,,,4
217,H5,2019,2019,2019,2,0,2,Export,699,India,IND,381,Italy,ITA,,,,,,,,49,"Printed books, newspapers, pictures and other products of the printing industry; manuscripts, typescripts and plans",1,No Quantity,,,0,,0.0,,2147635,,,4
218,H5,2019,2019,2019,2,0,2,Export,699,India,IND,392,Japan,JPN,,,,,,,,49,"Printed books, newspapers, pictures and other products of the printing industry; manuscripts, typescripts and plans",1,No Quantity,,,0,,0.0,,455372,,,4
219,H5,2019,2019,2019,2,0,2,Export,699,India,IND,458,Malaysia,MYS,,,,,,,,49,"Printed books, newspapers, pictures and other products of the printing industry; manuscripts, typescripts and plans",1,No Quantity,,,0,,0.0,,1525648,,,4
220,H5,2019,2019,2019,2,0,2,Export,699,India,IND,484,Mexico,MEX,,,,,,,,49,"Printed books, newspapers, pictures and other products of the printing industry; manuscripts, typescripts and plans",1,No Quantity,,,0,,0.0,,1819151,,,4
221,H5,2019,2019,2019,2,0,2,Export,699,India,IND,372,Ireland,IRL,,,,,,,,50,Silk,1,No Quantity,,,0,,0.0,,5753,,,4
222,H5,2019,2019,2019,2,0,2,Export,699,India,IND,381,Italy,ITA,,,,,,,,50,Silk,1,No Quantity,,,0,,0.0,,4807002,,,4
223,H5,2019,2019,2019,2,0,2,Export,699,India,IND,392,Japan,JPN,,,,,,,,50,Silk,1,No Quantity,,,0,,0.0,,738900,,,4
224,H5,2019,2019,2019,2,0,2,Export,699,India,IND,458,Malaysia,MYS,,,,,,,,50,Silk,1,No Quantity,,,0,,0.0,,1814946,,,4
225,H5,2019,2019,2019,2,0,2,Export,699,India,IND,484,Mexico,MEX,,,,,,,,50,Silk,1,No Quantity,,,0,,0.0,,14560,,,4
226,H5,2019,2019,2019,2,0,2,Export,699,India,IND,372,Ireland,IRL,,,,,,,,51,"Wool, fine or coarse animal hair; horsehair yarn and woven fabric",1,No Quantity,,,0,,0.0,,64929,,,4
227,H5,2019,2019,2019,2,0,2,Export,699,India,IND,381,Italy,ITA,,,,,,,,51,"Wool, fine or coarse animal hair; horsehair yarn and woven fabric",1,No Quantity,,,0,,0.0,,25340565,,,4
228,H5,2019,2019,2019,2,0,2,Export,699,India,IND,392,Japan,JPN,,,,,,,,51,"Wool, fine or coarse animal hair; horsehair yarn and woven fabric",1,No Quantity,,,0,,0.0,,24838462,,,4
229,H5,2019,2019,2019,2,0,2,Export,699,India,IND,458,Malaysia,MYS,,,,,,,,51,"Wool, fine or coarse animal hair; horsehair yarn and woven fabric",1,No Quantity,,,0,,0.0,,601602,,,4
230,H5,2019,2019,2019,2,0,2,Export,699,India,IND,484,Mexico,MEX,,,,,,,,51,"Wool, fine or coarse animal hair; horsehair yarn and woven fabric",1,No Quantity,,,0,,0.0,,698464,,,4
231,H5,2019,2019,2019,2,0,2,Export,699,India,IND,372,Ireland,IRL,,,,,,,,52,Cotton,1,No Quantity,,,0,,0.0,,409761,,,4
232,H5,2019,2019,2019,2,0,2,Export,699,India,IND,381,Italy,ITA,,,,,,,,52,Cotton,1,No Quantity,,,0,,0.0,,76269467,,,4
233,H5,2019,2019,2019,2,0,2,Export,699,India,IND,392,Japan,JPN,,,,,,,,52,Cotton,1,No Quantity,,,0,,0.0,,55970693,,,4
234,H5,2019,2019,2019,2,0,2,Export,699,India,IND,458,Malaysia,MYS,,,,,,,,52,Cotton,1,No Quantity,,,0,,0.0,,52717868,,,4
235,H5,2019,2019,2019,2,0,2,Export,699,India,IND,484,Mexico,MEX,,,,,,,,52,Cotton,1,No Quantity,,,0,,0.0,,22057351,,,4
236,H5,2019,2019,2019,2,0,2,Export,699,India,IND,372,Ireland,IRL,,,,,,,,53,Vegetable textile fibres; paper yarn and woven fabrics of paper yarn,1,No Quantity,,,0,,0.0,,2279384,,,4
237,H5,2019,2019,2019,2,0,2,Export,699,India,IND,381,Italy,ITA,,,,,,,,53,Vegetable textile fibres; paper yarn and woven fabrics of paper yarn,1,No Quantity,,,0,,0.0,,13479029,,,4
238,H5,2019,2019,2019,2,0,2,Export,699,India,IND,392,Japan,JPN,,,,,,,,53,Vegetable textile fibres; paper yarn and woven fabrics of paper yarn,1,No Quantity,,,0,,0.0,,5394811,,,4
239,H5,2019,2019,2019,2,0,2,Export,699,India,IND,458,Malaysia,MYS,,,,,,,,53,Vegetable textile fibres; paper yarn and woven fabrics of paper yarn,1,No Quantity,,,0,,0.0,,1014275,,,4
240,H5,2019,2019,2019,2,0,2,Export,699,India,IND,484,Mexico,MEX,,,,,,,,53,Vegetable textile fibres; paper yarn and woven fabrics of paper yarn,1,No Quantity,,,0,,0.0,,5021370,,,4
241,H5,2019,2019,2019,2,0,2,Export,699,India,IND,372,Ireland,IRL,,,,,,,,54,Man-made filaments; strip and the like of man-made textile materials,1,No Quantity,,,0,,0.0,,372609,,,4
242,H5,2019,2019,2019,2,0,2,Export,699,India,IND,381,Italy,ITA,,,,,,,,54,Man-made filaments; strip and the like of man-made textile materials,1,No Quantity,,,0,,0.0,,14285625,,,4
243,H5,2019,2019,2019,2,0,2,Export,699,India,IND,392,Japan,JPN,,,,,,,,54,Man-made filaments; strip and the like of man-made textile materials,1,No Quantity,,,0,,0.0,,9558686,,,4
244,H5,2019,2019,2019,2,0,2,Export,699,India,IND,458,Malaysia,MYS,,,,,,,,54,Man-made filaments; strip and the like of man-made textile materials,1,No Quantity,,,0,,0.0,,31724471,,,4
245,H5,2019,2019,2019,2,0,2,Export,699,India,IND,484,Mexico,MEX,,,,,,,,54,Man-made filaments; strip and the like of man-made textile materials,1,No Quantity,,,0,,0.0,,23231061,,,4
246,H5,2019,2019,2019,2,0,2,Export,699,India,IND,372,Ireland,IRL,,,,,,,,55,Man-made staple fibres,1,No Quantity,,,0,,0.0,,721806,,,4
247,H5,2019,2019,2019,2,0,2,Export,699,India,IND,381,Italy,ITA,,,,,,,,55,Man-made staple fibres,1,No Quantity,,,0,,0.0,,38064466,,,4
248,H5,2019,2019,2019,2,0,2,Export,699,India,IND,392,Japan,JPN,,,,,,,,55,Man-made staple fibres,1,No Quantity,,,0,,0.0,,10944107,,,4
249,H5,2019,2019,2019,2,0,2,Export,699,India,IND,458,Malaysia,MYS,,,,,,,,55,Man-made staple fibres,1,No Quantity,,,0,,0.0,,4728992,,,4
250,H5,2019,2019,2019,2,0,2,Export,699,India,IND,484,Mexico,MEX,,,,,,,,55,Man-made staple fibres,1,No Quantity,,,0,,0.0,,46190912,,,4
251,H5,2019,2019,2019,2,0,2,Export,699,India,IND,372,Ireland,IRL,,,,,,,,56,"Wadding, felt and nonwovens, special yarns; twine, cordage, ropes and cables and articles thereof",1,No Quantity,,,0,,0.0,,742840,,,4
252,H5,2019,2019,2019,2,0,2,Export,699,India,IND,381,Italy,ITA,,,,,,,,56,"Wadding, felt and nonwovens, special yarns; twine, cordage, ropes and cables and articles thereof",1,No Quantity,,,0,,0.0,,7207450,,,4
253,H5,2019,2019,2019,2,0,2,Export,699,India,IND,392,Japan,JPN,,,,,,,,56,"Wadding, felt and nonwovens, special yarns; twine, cordage, ropes and cables and articles thereof",1,No Quantity,,,0,,0.0,,2784420,,,4
254,H5,2019,2019,2019,2,0,2,Export,699,India,IND,458,Malaysia,MYS,,,,,,,,56,"Wadding, felt and nonwovens, special yarns; twine, cordage, ropes and cables and articles thereof",1,No Quantity,,,0,,0.0,,3733561,,,4
255,H5,2019,2019,2019,2,0,2,Export,699,India,IND,484,Mexico,MEX,,,,,,,,56,"Wadding, felt and nonwovens, special yarns; twine, cordage, ropes and cables and articles thereof",1,No Quantity,,,0,,0.0,,1552525,,,0
256,H5,2019,2019,2019,2,0,2,Export,699,India,IND,372,Ireland,IRL,,,,,,,,57,Carpets and other textile floor coverings,1,No Quantity,,,0,,0.0,,2708693,,,4
257,H5,2019,2019,2019,2,0,2,Export,699,India,IND,381,Italy,ITA,,,,,,,,57,Carpets and other textile floor coverings,1,No Quantity,,,0,,0.0,,35265253,,,4
258,H5,2019,2019,2019,2,0,2,Export,699,India,IND,392,Japan,JPN,,,,,,,,57,Carpets and other textile floor coverings,1,No Quantity,,,0,,0.0,,20179188,,,4
259,H5,2019,2019,2019,2,0,2,Export,699,India,IND,458,Malaysia,MYS,,,,,,,,57,Carpets and other textile floor coverings,1,No Quantity,,,0,,0.0,,7703142,,,4
260,H5,2019,2019,2019,2,0,2,Export,699,India,IND,484,Mexico,MEX,,,,,,,,57,Carpets and other textile floor coverings,1,No Quantity,,,0,,0.0,,5951021,,,4
261,H5,2019,2019,2019,2,0,2,Export,699,India,IND,372,Ireland,IRL,,,,,,,,58,"Fabrics; special woven fabrics, tufted textile fabrics, lace, tapestries, trimmings, embroidery",1,No Quantity,,,0,,0.0,,200406,,,4
262,H5,2019,2019,2019,2,0,2,Export,699,India,IND,381,Italy,ITA,,,,,,,,58,"Fabrics; special woven fabrics, tufted textile fabrics, lace, tapestries, trimmings, embroidery",1,No Quantity,,,0,,0.0,,46242289,,,4
263,H5,2019,2019,2019,2,0,2,Export,699,India,IND,392,Japan,JPN,,,,,,,,58,"Fabrics; special woven fabrics, tufted textile fabrics, lace, tapestries, trimmings, embroidery",1,No Quantity,,,0,,0.0,,1530042,,,4
264,H5,2019,2019,2019,2,0,2,Export,699,India,IND,458,Malaysia,MYS,,,,,,,,58,"Fabrics; special woven fabrics, tufted textile fabrics, lace, tapestries, trimmings, embroidery",1,No Quantity,,,0,,0.0,,2711548,,,4
265,H5,2019,2019,2019,2,0,2,Export,699,India,IND,484,Mexico,MEX,,,,,,,,58,"Fabrics; special woven fabrics, tufted textile fabrics, lace, tapestries, trimmings, embroidery",1,No Quantity,,,0,,0.0,,1135797,,,4
266,H5,2019,2019,2019,2,0,2,Export,699,India,IND,372,Ireland,IRL,,,,,,,,59,"Textile fabrics; impregnated, coated, covered or laminated; textile articles of a kind suitable for industrial use",1,No Quantity,,,0,,0.0,,375800,,,4
267,H5,2019,2019,2019,2,0,2,Export,699,India,IND,381,Italy,ITA,,,,,,,,59,"Textile fabrics; impregnated, coated, covered or laminated; textile articles of a kind suitable for industrial use",1,No Quantity,,,0,,0.0,,1580980,,,4
268,H5,2019,2019,2019,2,0,2,Export,699,India,IND,392,Japan,JPN,,,,,,,,59,"Textile fabrics; impregnated, coated, covered or laminated; textile articles of a kind suitable for industrial use",1,No Quantity,,,0,,0.0,,6422465,,,4
269,H5,2019,2019,2019,2,0,2,Export,699,India,IND,458,Malaysia,MYS,,,,,,,,59,"Textile fabrics; impregnated, coated, covered or laminated; textile articles of a kind suitable for industrial use",1,No Quantity,,,0,,0.0,,1262321,,,4
270,H5,2019,2019,2019,2,0,2,Export,699,India,IND,484,Mexico,MEX,,,,,,,,59,"Textile fabrics; impregnated, coated, covered or laminated; textile articles of a kind suitable for industrial use",1,No Quantity,,,0,,0.0,,17918579,,,4
271,H5,2019,2019,2019,2,0,2,Export,699,India,IND,372,Ireland,IRL,,,,,,,,60,Fabrics; knitted or crocheted,1,No Quantity,,,0,,0.0,,44772,,,0
272,H5,2019,2019,2019,2,0,2,Export,699,India,IND,381,Italy,ITA,,,,,,,,60,Fabrics; knitted or crocheted,1,No Quantity,,,0,,0.0,,293628,,,4
273,H5,2019,2019,2019,2,0,2,Export,699,India,IND,392,Japan,JPN,,,,,,,,60,Fabrics; knitted or crocheted,1,No Quantity,,,0,,0.0,,24834,,,0
274,H5,2019,2019,2019,2,0,2,Export,699,India,IND,458,Malaysia,MYS,,,,,,,,60,Fabrics; knitted or crocheted,1,No Quantity,,,0,,0.0,,438601,,,4
275,H5,2019,2019,2019,2,0,2,Export,699,India,IND,484,Mexico,MEX,,,,,,,,60,Fabrics; knitted or crocheted,1,No Quantity,,,0,,0.0,,437429,,,0
276,H5,2019,2019,2019,2,0,2,Export,699,India,IND,372,Ireland,IRL,,,,,,,,61,Apparel and clothing accessories; knitted or crocheted,1,No Quantity,,,0,,0.0,,52206150,,,4
277,H5,2019,2019,2019,2,0,2,Export,699,India,IND,381,Italy,ITA,,,,,,,,61,Apparel and clothing accessories; knitted or crocheted,1,No Quantity,,,0,,0.0,,206763108,,,4
278,H5,2019,2019,2019,2,0,2,Export,699,India,IND,392,Japan,JPN,,,,,,,,61,Apparel and clothing accessories; knitted or crocheted,1,No Quantity,,,0,,0.0,,33128613,,,4
279,H5,2019,2019,2019,2,0,2,Export,699,India,IND,458,Malaysia,MYS,,,,,,,,61,Apparel and clothing accessories; knitted or crocheted,1,No Quantity,,,0,,0.0,,20082071,,,4
280,H5,2019,2019,2019,2,0,2,Export,699,India,IND,484,Mexico,MEX,,,,,,,,61,Apparel and clothing accessories; knitted or crocheted,1,No Quantity,,,0,,0.0,,67547120,,,4
281,H5,2019,2019,2019,2,0,2,Export,699,India,IND,372,Ireland,IRL,,,,,,,,62,Apparel and clothing accessories; not knitted or crocheted,1,No Quantity,,,0,,0.0,,15988576,,,4
282,H5,2019,2019,2019,2,0,2,Export,699,India,IND,381,Italy,ITA,,,,,,,,62,Apparel and clothing accessories; not knitted or crocheted,1,No Quantity,,,0,,0.0,,158389683,,,4
283,H5,2019,2019,2019,2,0,2,Export,699,India,IND,392,Japan,JPN,,,,,,,,62,Apparel and clothing accessories; not knitted or crocheted,1,No Quantity,,,0,,0.0,,190852527,,,4
284,H5,2019,2019,2019,2,0,2,Export,699,India,IND,458,Malaysia,MYS,,,,,,,,62,Apparel and clothing accessories; not knitted or crocheted,1,No Quantity,,,0,,0.0,,76899241,,,4
285,H5,2019,2019,2019,2,0,2,Export,699,India,IND,484,Mexico,MEX,,,,,,,,62,Apparel and clothing accessories; not knitted or crocheted,1,No Quantity,,,0,,0.0,,73258378,,,4
286,H5,2019,2019,2019,2,0,2,Export,699,India,IND,372,Ireland,IRL,,,,,,,,63,"Textiles, made up articles; sets; worn clothing and worn textile articles; rags",1,No Quantity,,,0,,0.0,,8029813,,,4
287,H5,2019,2019,2019,2,0,2,Export,699,India,IND,381,Italy,ITA,,,,,,,,63,"Textiles, made up articles; sets; worn clothing and worn textile articles; rags",1,No Quantity,,,0,,0.0,,117362878,,,4
288,H5,2019,2019,2019,2,0,2,Export,699,India,IND,392,Japan,JPN,,,,,,,,63,"Textiles, made up articles; sets; worn clothing and worn textile articles; rags",1,No Quantity,,,0,,0.0,,60292810,,,4
289,H5,2019,2019,2019,2,0,2,Export,699,India,IND,458,Malaysia,MYS,,,,,,,,63,"Textiles, made up articles; sets; worn clothing and worn textile articles; rags",1,No Quantity,,,0,,0.0,,25196852,,,4
290,H5,2019,2019,2019,2,0,2,Export,699,India,IND,484,Mexico,MEX,,,,,,,,63,"Textiles, made up articles; sets; worn clothing and worn textile articles; rags",1,No Quantity,,,0,,0.0,,24028746,,,4
291,H5,2019,2019,2019,2,0,2,Export,699,India,IND,372,Ireland,IRL,,,,,,,,64,Footwear; gaiters and the like; parts of such articles,1,No Quantity,,,0,,0.0,,2355615,,,4
292,H5,2019,2019,2019,2,0,2,Export,699,India,IND,381,Italy,ITA,,,,,,,,64,Footwear; gaiters and the like; parts of such articles,1,No Quantity,,,0,,0.0,,122017775,,,4
293,H5,2019,2019,2019,2,0,2,Export,699,India,IND,392,Japan,JPN,,,,,,,,64,Footwear; gaiters and the like; parts of such articles,1,No Quantity,,,0,,0.0,,37093143,,,4
294,H5,2019,2019,2019,2,0,2,Export,699,India,IND,458,Malaysia,MYS,,,,,,,,64,Footwear; gaiters and the like; parts of such articles,1,No Quantity,,,0,,0.0,,13062551,,,4
295,H5,2019,2019,2019,2,0,2,Export,699,India,IND,484,Mexico,MEX,,,,,,,,64,Footwear; gaiters and the like; parts of such articles,1,No Quantity,,,0,,0.0,,20178065,,,4
296,H5,2019,2019,2019,2,0,2,Export,699,India,IND,372,Ireland,IRL,,,,,,,,65,Headgear and parts thereof,1,No Quantity,,,0,,0.0,,279416,,,4
297,H5,2019,2019,2019,2,0,2,Export,699,India,IND,381,Italy,ITA,,,,,,,,65,Headgear and parts thereof,1,No Quantity,,,0,,0.0,,976939,,,4
298,H5,2019,2019,2019,2,0,2,Export,699,India,IND,392,Japan,JPN,,,,,,,,65,Headgear and parts thereof,1,No Quantity,,,0,,0.0,,133198,,,4
299,H5,2019,2019,2019,2,0,2,Export,699,India,IND,458,Malaysia,MYS,,,,,,,,65,Headgear and parts thereof,1,No Quantity,,,0,,0.0,,284608,,,4
300,H5,2019,2019,2019,2,0,2,Export,699,India,IND,484,Mexico,MEX,,,,,,,,65,Headgear and parts thereof,1,No Quantity,,,0,,0.0,,140618,,,4
301,H5,2019,2019,2019,2,0,2,Export,699,India,IND,372,Ireland,IRL,,,,,,,,66,"Umbrellas, sun umbrellas, walking-sticks, seat sticks, whips, riding crops; and parts thereof",1,No Quantity,,,0,,0.0,,238,,,4
302,H5,2019,2019,2019,2,0,2,Export,699,India,IND,381,Italy,ITA,,,,,,,,66,"Umbrellas, sun umbrellas, walking-sticks, seat sticks, whips, riding crops; and parts thereof",1,No Quantity,,,0,,0.0,,18747,,,4
303,H5,2019,2019,2019,2,0,2,Export,699,India,IND,392,Japan,JPN,,,,,,,,66,"Umbrellas, sun umbrellas, walking-sticks, seat sticks, whips, riding crops; and parts thereof",1,No Quantity,,,0,,0.0,,2601,,,4
304,H5,2019,2019,2019,2,0,2,Export,699,India,IND,458,Malaysia,MYS,,,,,,,,66,"Umbrellas, sun umbrellas, walking-sticks, seat sticks, whips, riding crops; and parts thereof",1,No Quantity,,,0,,0.0,,11176,,,4
305,H5,2019,2019,2019,2,0,2,Export,699,India,IND,484,Mexico,MEX,,,,,,,,66,"Umbrellas, sun umbrellas, walking-sticks, seat sticks, whips, riding crops; and parts thereof",1,No Quantity,,,0,,0.0,,2010,,,4
306,H5,2019,2019,2019,2,0,2,Export,699,India,IND,372,Ireland,IRL,,,,,,,,67,"Feathers and down, prepared; and articles made of feather or of down; artificial flowers; articles of human hair",1,No Quantity,,,0,,0.0,,29593,,,0
307,H5,2019,2019,2019,2,0,2,Export,699,India,IND,381,Italy,ITA,,,,,,,,67,"Feathers and down, prepared; and articles made of feather or of down; artificial flowers; articles of human hair",1,No Quantity,,,0,,0.0,,2711992,,,0
308,H5,2019,2019,2019,2,0,2,Export,699,India,IND,392,Japan,JPN,,,,,,,,67,"Feathers and down, prepared; and articles made of feather or of down; artificial flowers; articles of human hair",1,No Quantity,,,0,,0.0,,13316,,,0
309,H5,2019,2019,2019,2,0,2,Export,699,India,IND,458,Malaysia,MYS,,,,,,,,67,"Feathers and down, prepared; and articles made of feather or of down; artificial flowers; articles of human hair",1,No Quantity,,,0,,0.0,,61462,,,4
310,H5,2019,2019,2019,2,0,2,Export,699,India,IND,372,Ireland,IRL,,,,,,,,68,"Stone, plaster, cement, asbestos, mica or similar materials; articles thereof",1,No Quantity,,,0,,0.0,,7997105,,,0
311,H5,2019,2019,2019,2,0,2,Export,699,India,IND,381,Italy,ITA,,,,,,,,68,"Stone, plaster, cement, asbestos, mica or similar materials; articles thereof",1,No Quantity,,,0,,0.0,,27940571,,,4
312,H5,2019,2019,2019,2,0,2,Export,699,India,IND,392,Japan,JPN,,,,,,,,68,"Stone, plaster, cement, asbestos, mica or similar materials; articles thereof",1,No Quantity,,,0,,0.0,,9113313,,,4
313,H5,2019,2019,2019,2,0,2,Export,699,India,IND,458,Malaysia,MYS,,,,,,,,68,"Stone, plaster, cement, asbestos, mica or similar materials; articles thereof",1,No Quantity,,,0,,0.0,,5535139,,,4
314,H5,2019,2019,2019,2,0,2,Export,699,India,IND,484,Mexico,MEX,,,,,,,,68,"Stone, plaster, cement, asbestos, mica or similar materials; articles thereof",1,No Quantity,,,0,,0.0,,11629844,,,4
315,H5,2019,2019,2019,2,0,2,Export,699,India,IND,372,Ireland,IRL,,,,,,,,69,Ceramic products,1,No Quantity,,,0,,0.0,,2252141,,,4
316,H5,2019,2019,2019,2,0,2,Export,699,India,IND,381,Italy,ITA,,,,,,,,69,Ceramic products,1,No Quantity,,,0,,0.0,,32167080,,,4
317,H5,2019,2019,2019,2,0,2,Export,699,India,IND,392,Japan,JPN,,,,,,,,69,Ceramic products,1,No Quantity,,,0,,0.0,,19255262,,,4
318,H5,2019,2019,2019,2,0,2,Export,699,India,IND,458,Malaysia,MYS,,,,,,,,69,Ceramic products,1,No Quantity,,,0,,0.0,,3384887,,,4
319,H5,2019,2019,2019,2,0,2,Export,699,India,IND,484,Mexico,MEX,,,,,,,,69,Ceramic products,1,No Quantity,,,0,,0.0,,88475370,,,4
320,H5,2019,2019,2019,2,0,2,Export,699,India,IND,372,Ireland,IRL,,,,,,,,70,Glass and glassware,1,No Quantity,,,0,,0.0,,537311,,,4
321,H5,2019,2019,2019,2,0,2,Export,699,India,IND,381,Italy,ITA,,,,,,,,70,Glass and glassware,1,No Quantity,,,0,,0.0,,16078253,,,4
322,H5,2019,2019,2019,2,0,2,Export,699,India,IND,392,Japan,JPN,,,,,,,,70,Glass and glassware,1,No Quantity,,,0,,0.0,,2209401,,,4
323,H5,2019,2019,2019,2,0,2,Export,699,India,IND,458,Malaysia,MYS,,,,,,,,70,Glass and glassware,1,No Quantity,,,0,,0.0,,18514710,,,4
324,H5,2019,2019,2019,2,0,2,Export,699,India,IND,484,Mexico,MEX,,,,,,,,70,Glass and glassware,1,No Quantity,,,0,,0.0,,23496121,,,4
325,H5,2019,2019,2019,2,0,2,Export,699,India,IND,372,Ireland,IRL,,,,,,,,71,"Natural, cultured pearls; precious, semi-precious stones; precious metals, metals clad with precious metal, and articles thereof; imitation jewellery; coin",1,No Quantity,,,0,,0.0,,6303009,,,4
326,H5,2019,2019,2019,2,0,2,Export,699,India,IND,381,Italy,ITA,,,,,,,,71,"Natural, cultured pearls; precious, semi-precious stones; precious metals, metals clad with precious metal, and articles thereof; imitation jewellery; coin",1,No Quantity,,,0,,0.0,,125192512,,,4
327,H5,2019,2019,2019,2,0,2,Export,699,India,IND,392,Japan,JPN,,,,,,,,71,"Natural, cultured pearls; precious, semi-precious stones; precious metals, metals clad with precious metal, and articles thereof; imitation jewellery; coin",1,No Quantity,,,0,,0.0,,415578902,,,4
328,H5,2019,2019,2019,2,0,2,Export,699,India,IND,458,Malaysia,MYS,,,,,,,,71,"Natural, cultured pearls; precious, semi-precious stones; precious metals, metals clad with precious metal, and articles thereof; imitation jewellery; coin",1,No Quantity,,,0,,0.0,,91413144,,,4
329,H5,2019,2019,2019,2,0,2,Export,699,India,IND,484,Mexico,MEX,,,,,,,,71,"Natural, cultured pearls; precious, semi-precious stones; precious metals, metals clad with precious metal, and articles thereof; imitation jewellery; coin",1,No Quantity,,,0,,0.0,,3806398,,,4
330,H5,2019,2019,2019,2,0,2,Export,699,India,IND,372,Ireland,IRL,,,,,,,,72,Iron and steel,1,No Quantity,,,0,,0.0,,7792476,,,0
331,H5,2019,2019,2019,2,0,2,Export,699,India,IND,381,Italy,ITA,,,,,,,,72,Iron and steel,1,No Quantity,,,0,,0.0,,883296184,,,4
332,H5,2019,2019,2019,2,0,2,Export,699,India,IND,392,Japan,JPN,,,,,,,,72,Iron and steel,1,No Quantity,,,0,,0.0,,208034408,,,4
333,H5,2019,2019,2019,2,0,2,Export,699,India,IND,458,Malaysia,MYS,,,,,,,,72,Iron and steel,1,No Quantity,,,0,,0.0,,264798840,,,4
334,H5,2019,2019,2019,2,0,2,Export,699,India,IND,484,Mexico,MEX,,,,,,,,72,Iron and steel,1,No Quantity,,,0,,0.0,,80264199,,,4
335,H5,2019,2019,2019,2,0,2,Export,699,India,IND,372,Ireland,IRL,,,,,,,,73,Iron or steel articles,1,No Quantity,,,0,,0.0,,20099868,,,4
336,H5,2019,2019,2019,2,0,2,Export,699,India,IND,381,Italy,ITA,,,,,,,,73,Iron or steel articles,1,No Quantity,,,0,,0.0,,204069066,,,4
337,H5,2019,2019,2019,2,0,2,Export,699,India,IND,392,Japan,JPN,,,,,,,,73,Iron or steel articles,1,No Quantity,,,0,,0.0,,45783707,,,4
338,H5,2019,2019,2019,2,0,2,Export,699,India,IND,458,Malaysia,MYS,,,,,,,,73,Iron or steel articles,1,No Quantity,,,0,,0.0,,46444406,,,4
339,H5,2019,2019,2019,2,0,2,Export,699,India,IND,484,Mexico,MEX,,,,,,,,73,Iron or steel articles,1,No Quantity,,,0,,0.0,,91532944,,,4
340,H5,2019,2019,2019,2,0,2,Export,699,India,IND,372,Ireland,IRL,,,,,,,,74,Copper and articles thereof,1,No Quantity,,,0,,0.0,,1067005,,,4
341,H5,2019,2019,2019,2,0,2,Export,699,India,IND,381,Italy,ITA,,,,,,,,74,Copper and articles thereof,1,No Quantity,,,0,,0.0,,9873278,,,4
342,H5,2019,2019,2019,2,0,2,Export,699,India,IND,392,Japan,JPN,,,,,,,,74,Copper and articles thereof,1,No Quantity,,,0,,0.0,,5458770,,,4
343,H5,2019,2019,2019,2,0,2,Export,699,India,IND,458,Malaysia,MYS,,,,,,,,74,Copper and articles thereof,1,No Quantity,,,0,,0.0,,9294171,,,4
344,H5,2019,2019,2019,2,0,2,Export,699,India,IND,484,Mexico,MEX,,,,,,,,74,Copper and articles thereof,1,No Quantity,,,0,,0.0,,3561275,,,4
345,H5,2019,2019,2019,2,0,2,Export,699,India,IND,372,Ireland,IRL,,,,,,,,75,Nickel and articles thereof,1,No Quantity,,,0,,0.0,,1461,,,0
346,H5,2019,2019,2019,2,0,2,Export,699,India,IND,381,Italy,ITA,,,,,,,,75,Nickel and articles thereof,1,No Quantity,,,0,,0.0,,3290176,,,4
347,H5,2019,2019,2019,2,0,2,Export,699,India,IND,392,Japan,JPN,,,,,,,,75,Nickel and articles thereof,1,No Quantity,,,0,,0.0,,1782179,,,0
348,H5,2019,2019,2019,2,0,2,Export,699,India,IND,458,Malaysia,MYS,,,,,,,,75,Nickel and articles thereof,1,No Quantity,,,0,,0.0,,419643,,,0
349,H5,2019,2019,2019,2,0,2,Export,699,India,IND,484,Mexico,MEX,,,,,,,,75,Nickel and articles thereof,1,No Quantity,,,0,,0.0,,4086002,,,0
350,H5,2019,2019,2019,2,0,2,Export,699,India,IND,372,Ireland,IRL,,,,,,,,76,Aluminium and articles thereof,1,No Quantity,,,0,,0.0,,4499045,,,0
351,H5,2019,2019,2019,2,0,2,Export,699,India,IND,381,Italy,ITA,,,,,,,,76,Aluminium and articles thereof,1,No Quantity,,,0,,0.0,,107304074,,,4
352,H5,2019,2019,2019,2,0,2,Export,699,India,IND,392,Japan,JPN,,,,,,,,76,Aluminium and articles thereof,1,No Quantity,,,0,,0.0,,150717040,,,4
353,H5,2019,2019,2019,2,0,2,Export,699,India,IND,458,Malaysia,MYS,,,,,,,,76,Aluminium and articles thereof,1,No Quantity,,,0,,0.0,,1160736749,,,4
354,H5,2019,2019,2019,2,0,2,Export,699,India,IND,484,Mexico,MEX,,,,,,,,76,Aluminium and articles thereof,1,No Quantity,,,0,,0.0,,141733055,,,4
355,H5,2019,2019,2019,2,0,2,Export,699,India,IND,381,Italy,ITA,,,,,,,,78,Lead and articles thereof,1,No Quantity,,,0,,0.0,,5350,,,0
356,H5,2019,2019,2019,2,0,2,Export,699,India,IND,392,Japan,JPN,,,,,,,,78,Lead and articles thereof,1,No Quantity,,,0,,0.0,,4991236,,,0
357,H5,2019,2019,2019,2,0,2,Export,699,India,IND,458,Malaysia,MYS,,,,,,,,78,Lead and articles thereof,1,No Quantity,,,0,,0.0,,2788480,,,0
358,H5,2019,2019,2019,2,0,2,Export,699,India,IND,372,Ireland,IRL,,,,,,,,79,Zinc and articles thereof,1,No Quantity,,,0,,0.0,,1963,,,0
359,H5,2019,2019,2019,2,0,2,Export,699,India,IND,381,Italy,ITA,,,,,,,,79,Zinc and articles thereof,1,No Quantity,,,0,,0.0,,301711,,,0
360,H5,2019,2019,2019,2,0,2,Export,699,India,IND,392,Japan,JPN,,,,,,,,79,Zinc and articles thereof,1,No Quantity,,,0,,0.0,,4545477,,,4
361,H5,2019,2019,2019,2,0,2,Export,699,India,IND,458,Malaysia,MYS,,,,,,,,79,Zinc and articles thereof,1,No Quantity,,,0,,0.0,,10458257,,,0
362,H5,2019,2019,2019,2,0,2,Export,699,India,IND,484,Mexico,MEX,,,,,,,,79,Zinc and articles thereof,1,No Quantity,,,0,,0.0,,731317,,,0
363,H5,2019,2019,2019,2,0,2,Export,699,India,IND,392,Japan,JPN,,,,,,,,80,Tin; articles thereof,1,No Quantity,,,0,,0.0,,20280,,,4
364,H5,2019,2019,2019,2,0,2,Export,699,India,IND,458,Malaysia,MYS,,,,,,,,80,Tin; articles thereof,1,No Quantity,,,0,,0.0,,86834,,,0
365,H5,2019,2019,2019,2,0,2,Export,699,India,IND,381,Italy,ITA,,,,,,,,81,"Metals; n.e.c., cermets and articles thereof",1,No Quantity,,,0,,0.0,,1295313,,,4
366,H5,2019,2019,2019,2,0,2,Export,699,India,IND,392,Japan,JPN,,,,,,,,81,"Metals; n.e.c., cermets and articles thereof",1,No Quantity,,,0,,0.0,,1440011,,,4
367,H5,2019,2019,2019,2,0,2,Export,699,India,IND,458,Malaysia,MYS,,,,,,,,81,"Metals; n.e.c., cermets and articles thereof",1,No Quantity,,,0,,0.0,,505873,,,0
368,H5,2019,2019,2019,2,0,2,Export,699,India,IND,484,Mexico,MEX,,,,,,,,81,"Metals; n.e.c., cermets and articles thereof",1,No Quantity,,,0,,0.0,,563290,,,0
369,H5,2019,2019,2019,2,0,2,Export,699,India,IND,372,Ireland,IRL,,,,,,,,82,"Tools, implements, cutlery, spoons and forks, of base metal; parts thereof, of base metal",1,No Quantity,,,0,,0.0,,1877045,,,4
370,H5,2019,2019,2019,2,0,2,Export,699,India,IND,381,Italy,ITA,,,,,,,,82,"Tools, implements, cutlery, spoons and forks, of base metal; parts thereof, of base metal",1,No Quantity,,,0,,0.0,,13389747,,,4
371,H5,2019,2019,2019,2,0,2,Export,699,India,IND,392,Japan,JPN,,,,,,,,82,"Tools, implements, cutlery, spoons and forks, of base metal; parts thereof, of base metal",1,No Quantity,,,0,,0.0,,6352540,,,4
372,H5,2019,2019,2019,2,0,2,Export,699,India,IND,458,Malaysia,MYS,,,,,,,,82,"Tools, implements, cutlery, spoons and forks, of base metal; parts thereof, of base metal",1,No Quantity,,,0,,0.0,,8226486,,,4
373,H5,2019,2019,2019,2,0,2,Export,699,India,IND,484,Mexico,MEX,,,,,,,,82,"Tools, implements, cutlery, spoons and forks, of base metal; parts thereof, of base metal",1,No Quantity,,,0,,0.0,,13212543,,,4
374,H5,2019,2019,2019,2,0,2,Export,699,India,IND,372,Ireland,IRL,,,,,,,,83,Metal; miscellaneous products of base metal,1,No Quantity,,,0,,0.0,,1512594,,,4
375,H5,2019,2019,2019,2,0,2,Export,699,India,IND,381,Italy,ITA,,,,,,,,83,Metal; miscellaneous products of base metal,1,No Quantity,,,0,,0.0,,11380905,,,4
376,H5,2019,2019,2019,2,0,2,Export,699,India,IND,392,Japan,JPN,,,,,,,,83,Metal; miscellaneous products of base metal,1,No Quantity,,,0,,0.0,,3088347,,,4
377,H5,2019,2019,2019,2,0,2,Export,699,India,IND,458,Malaysia,MYS,,,,,,,,83,Metal; miscellaneous products of base metal,1,No Quantity,,,0,,0.0,,6064677,,,4
378,H5,2019,2019,2019,2,0,2,Export,699,India,IND,484,Mexico,MEX,,,,,,,,83,Metal; miscellaneous products of base metal,1,No Quantity,,,0,,0.0,,6149722,,,4
379,H5,2019,2019,2019,2,0,2,Export,699,India,IND,372,Ireland,IRL,,,,,,,,84,"Nuclear reactors, boilers, machinery and mechanical appliances; parts thereof",1,No Quantity,,,0,,0.0,,39567931,,,4
380,H5,2019,2019,2019,2,0,2,Export,699,India,IND,381,Italy,ITA,,,,,,,,84,"Nuclear reactors, boilers, machinery and mechanical appliances; parts thereof",1,No Quantity,,,0,,0.0,,462763810,,,4
381,H5,2019,2019,2019,2,0,2,Export,699,India,IND,392,Japan,JPN,,,,,,,,84,"Nuclear reactors, boilers, machinery and mechanical appliances; parts thereof",1,No Quantity,,,0,,0.0,,303016804,,,4
382,H5,2019,2019,2019,2,0,2,Export,699,India,IND,458,Malaysia,MYS,,,,,,,,84,"Nuclear reactors, boilers, machinery and mechanical appliances; parts thereof",1,No Quantity,,,0,,0.0,,329740915,,,4
383,H5,2019,2019,2019,2,0,2,Export,699,India,IND,484,Mexico,MEX,,,,,,,,84,"Nuclear reactors, boilers, machinery and mechanical appliances; parts thereof",1,No Quantity,,,0,,0.0,,206981305,,,4
384,H5,2019,2019,2019,2,0,2,Export,699,India,IND,372,Ireland,IRL,,,,,,,,85,"Electrical machinery and equipment and parts thereof; sound recorders and reproducers; television image and sound recorders and reproducers, parts and accessories of such articles",1,No Quantity,,,0,,0.0,,17245139,,,4
385,H5,2019,2019,2019,2,0,2,Export,699,India,IND,381,Italy,ITA,,,,,,,,85,"Electrical machinery and equipment and parts thereof; sound recorders and reproducers; television image and sound recorders and reproducers, parts and accessories of such articles",1,No Quantity,,,0,,0.0,,152750446,,,4
386,H5,2019,2019,2019,2,0,2,Export,699,India,IND,392,Japan,JPN,,,,,,,,85,"Electrical machinery and equipment and parts thereof; sound recorders and reproducers; television image and sound recorders and reproducers, parts and accessories of such articles",1,No Quantity,,,0,,0.0,,112774607,,,4
387,H5,2019,2019,2019,2,0,2,Export,699,India,IND,458,Malaysia,MYS,,,,,,,,85,"Electrical machinery and equipment and parts thereof; sound recorders and reproducers; television image and sound recorders and reproducers, parts and accessories of such articles",1,No Quantity,,,0,,0.0,,161893484,,,4
388,H5,2019,2019,2019,2,0,2,Export,699,India,IND,484,Mexico,MEX,,,,,,,,85,"Electrical machinery and equipment and parts thereof; sound recorders and reproducers; television image and sound recorders and reproducers, parts and accessories of such articles",1,No Quantity,,,0,,0.0,,254548192,,,4
389,H5,2019,2019,2019,2,0,2,Export,699,India,IND,381,Italy,ITA,,,,,,,,86,"Railway, tramway locomotives, rolling-stock and parts thereof; railway or tramway track fixtures and fittings and parts thereof; mechanical (including electro-mechanical) traffic signalling equipment of all kinds",1,No Quantity,,,0,,0.0,,873755,,,4
390,H5,2019,2019,2019,2,0,2,Export,699,India,IND,392,Japan,JPN,,,,,,,,86,"Railway, tramway locomotives, rolling-stock and parts thereof; railway or tramway track fixtures and fittings and parts thereof; mechanical (including electro-mechanical) traffic signalling equipment of all kinds",1,No Quantity,,,0,,0.0,,29464,,,4
391,H5,2019,2019,2019,2,0,2,Export,699,India,IND,458,Malaysia,MYS,,,,,,,,86,"Railway, tramway locomotives, rolling-stock and parts thereof; railway or tramway track fixtures and fittings and parts thereof; mechanical (including electro-mechanical) traffic signalling equipment of all kinds",1,No Quantity,,,0,,0.0,,1649552,,,4
392,H5,2019,2019,2019,2,0,2,Export,699,India,IND,484,Mexico,MEX,,,,,,,,86,"Railway, tramway locomotives, rolling-stock and parts thereof; railway or tramway track fixtures and fittings and parts thereof; mechanical (including electro-mechanical) traffic signalling equipment of all kinds",1,No Quantity,,,0,,0.0,,5801066,,,0
393,H5,2019,2019,2019,2,0,2,Export,699,India,IND,372,Ireland,IRL,,,,,,,,87,"Vehicles; other than railway or tramway rolling stock, and parts and accessories thereof",1,No Quantity,,,0,,0.0,,5016844,,,4
394,H5,2019,2019,2019,2,0,2,Export,699,India,IND,381,Italy,ITA,,,,,,,,87,"Vehicles; other than railway or tramway rolling stock, and parts and accessories thereof",1,No Quantity,,,0,,0.0,,373723421,,,4
395,H5,2019,2019,2019,2,0,2,Export,699,India,IND,392,Japan,JPN,,,,,,,,87,"Vehicles; other than railway or tramway rolling stock, and parts and accessories thereof",1,No Quantity,,,0,,0.0,,235613606,,,4
396,H5,2019,2019,2019,2,0,2,Export,699,India,IND,458,Malaysia,MYS,,,,,,,,87,"Vehicles; other than railway or tramway rolling stock, and parts and accessories thereof",1,No Quantity,,,0,,0.0,,49680478,,,4
397,H5,2019,2019,2019,2,0,2,Export,699,India,IND,484,Mexico,MEX,,,,,,,,87,"Vehicles; other than railway or tramway rolling stock, and parts and accessories thereof",1,No Quantity,,,0,,0.0,,1684285653,,,4
398,H5,2019,2019,2019,2,0,2,Export,699,India,IND,372,Ireland,IRL,,,,,,,,88,"Aircraft, spacecraft and parts thereof",1,No Quantity,,,0,,0.0,,2092203,,,4
399,H5,2019,2019,2019,2,0,2,Export,699,India,IND,381,Italy,ITA,,,,,,,,88,"Aircraft, spacecraft and parts thereof",1,No Quantity,,,0,,0.0,,16810242,,,4
400,H5,2019,2019,2019,2,0,2,Export,699,India,IND,392,Japan,JPN,,,,,,,,88,"Aircraft, spacecraft and parts thereof",1,No Quantity,,,0,,0.0,,13233068,,,4
401,H5,2019,2019,2019,2,0,2,Export,699,India,IND,458,Malaysia,MYS,,,,,,,,88,"Aircraft, spacecraft and parts thereof",1,No Quantity,,,0,,0.0,,53663650,,,4
402,H5,2019,2019,2019,2,0,2,Export,699,India,IND,484,Mexico,MEX,,,,,,,,88,"Aircraft, spacecraft and parts thereof",1,No Quantity,,,0,,0.0,,10653566,,,0
403,H5,2019,2019,2019,2,0,2,Export,699,India,IND,381,Italy,ITA,,,,,,,,89,"Ships, boats and floating structures",1,No Quantity,,,0,,,,789,,,4
404,H5,2019,2019,2019,2,0,2,Export,699,India,IND,458,Malaysia,MYS,,,,,,,,89,"Ships, boats and floating structures",1,No Quantity,,,0,,0.0,,188748515,,,4
405,H5,2019,2019,2019,2,0,2,Export,699,India,IND,484,Mexico,MEX,,,,,,,,89,"Ships, boats and floating structures",1,No Quantity,,,0,,,,319,,,4
406,H5,2019,2019,2019,2,0,2,Export,699,India,IND,372,Ireland,IRL,,,,,,,,90,"Optical, photographic, cinematographic, measuring, checking, medical or surgical instruments and apparatus; parts and accessories",1,No Quantity,,,0,,0.0,,16276378,,,4
407,H5,2019,2019,2019,2,0,2,Export,699,India,IND,381,Italy,ITA,,,,,,,,90,"Optical, photographic, cinematographic, measuring, checking, medical or surgical instruments and apparatus; parts and accessories",1,No Quantity,,,0,,0.0,,56011012,,,4
408,H5,2019,2019,2019,2,0,2,Export,699,India,IND,392,Japan,JPN,,,,,,,,90,"Optical, photographic, cinematographic, measuring, checking, medical or surgical instruments and apparatus; parts and accessories",1,No Quantity,,,0,,0.0,,67968099,,,4
409,H5,2019,2019,2019,2,0,2,Export,699,India,IND,458,Malaysia,MYS,,,,,,,,90,"Optical, photographic, cinematographic, measuring, checking, medical or surgical instruments and apparatus; parts and accessories",1,No Quantity,,,0,,0.0,,55842572,,,4
410,H5,2019,2019,2019,2,0,2,Export,699,India,IND,484,Mexico,MEX,,,,,,,,90,"Optical, photographic, cinematographic, measuring, checking, medical or surgical instruments and apparatus; parts and accessories",1,No Quantity,,,0,,0.0,,20608160,,,4
411,H5,2019,2019,2019,2,0,2,Export,699,India,IND,372,Ireland,IRL,,,,,,,,91,Clocks and watches and parts thereof,1,No Quantity,,,0,,0.0,,21924,,,4
412,H5,2019,2019,2019,2,0,2,Export,699,India,IND,381,Italy,ITA,,,,,,,,91,Clocks and watches and parts thereof,1,No Quantity,,,0,,0.0,,132790,,,4
413,H5,2019,2019,2019,2,0,2,Export,699,India,IND,392,Japan,JPN,,,,,,,,91,Clocks and watches and parts thereof,1,No Quantity,,,0,,0.0,,120971,,,4
414,H5,2019,2019,2019,2,0,2,Export,699,India,IND,458,Malaysia,MYS,,,,,,,,91,Clocks and watches and parts thereof,1,No Quantity,,,0,,0.0,,215085,,,4
415,H5,2019,2019,2019,2,0,2,Export,699,India,IND,484,Mexico,MEX,,,,,,,,91,Clocks and watches and parts thereof,1,No Quantity,,,0,,0.0,,205619,,,4
416,H5,2019,2019,2019,2,0,2,Export,699,India,IND,372,Ireland,IRL,,,,,,,,92,Musical instruments; parts and accessories of such articles,1,No Quantity,,,0,,0.0,,625299,,,4
417,H5,2019,2019,2019,2,0,2,Export,699,India,IND,381,Italy,ITA,,,,,,,,92,Musical instruments; parts and accessories of such articles,1,No Quantity,,,0,,0.0,,153522,,,4
418,H5,2019,2019,2019,2,0,2,Export,699,India,IND,392,Japan,JPN,,,,,,,,92,Musical instruments; parts and accessories of such articles,1,No Quantity,,,0,,0.0,,1334604,,,4
419,H5,2019,2019,2019,2,0,2,Export,699,India,IND,458,Malaysia,MYS,,,,,,,,92,Musical instruments; parts and accessories of such articles,1,No Quantity,,,0,,0.0,,1106166,,,4
420,H5,2019,2019,2019,2,0,2,Export,699,India,IND,484,Mexico,MEX,,,,,,,,92,Musical instruments; parts and accessories of such articles,1,No Quantity,,,0,,0.0,,6523,,,4
421,H5,2019,2019,2019,2,0,2,Export,699,India,IND,381,Italy,ITA,,,,,,,,93,Arms and ammunition; parts and accessories thereof,1,No Quantity,,,0,,0.0,,868663,,,4
422,H5,2019,2019,2019,2,0,2,Export,699,India,IND,392,Japan,JPN,,,,,,,,93,Arms and ammunition; parts and accessories thereof,1,No Quantity,,,0,,0.0,,16104,,,4
423,H5,2019,2019,2019,2,0,2,Export,699,India,IND,372,Ireland,IRL,,,,,,,,94,"Furniture; bedding, mattresses, mattress supports, cushions and similar stuffed furnishings; lamps and lighting fittings, n.e.c.; illuminated signs, illuminated name-plates and the like; prefabricated buildings",1,No Quantity,,,0,,0.0,,4392393,,,4
424,H5,2019,2019,2019,2,0,2,Export,699,India,IND,381,Italy,ITA,,,,,,,,94,"Furniture; bedding, mattresses, mattress supports, cushions and similar stuffed furnishings; lamps and lighting fittings, n.e.c.; illuminated signs, illuminated name-plates and the like; prefabricated buildings",1,No Quantity,,,0,,0.0,,16138358,,,4
425,H5,2019,2019,2019,2,0,2,Export,699,India,IND,392,Japan,JPN,,,,,,,,94,"Furniture; bedding, mattresses, mattress supports, cushions and similar stuffed furnishings; lamps and lighting fittings, n.e.c.; illuminated signs, illuminated name-plates and the like; prefabricated buildings",1,No Quantity,,,0,,0.0,,10654833,,,4
426,H5,2019,2019,2019,2,0,2,Export,699,India,IND,458,Malaysia,MYS,,,,,,,,94,"Furniture; bedding, mattresses, mattress supports, cushions and similar stuffed furnishings; lamps and lighting fittings, n.e.c.; illuminated signs, illuminated name-plates and the like; prefabricated buildings",1,No Quantity,,,0,,0.0,,6572004,,,4
427,H5,2019,2019,2019,2,0,2,Export,699,India,IND,484,Mexico,MEX,,,,,,,,94,"Furniture; bedding, mattresses, mattress supports, cushions and similar stuffed furnishings; lamps and lighting fittings, n.e.c.; illuminated signs, illuminated name-plates and the like; prefabricated buildings",1,No Quantity,,,0,,0.0,,12412645,,,4
428,H5,2019,2019,2019,2,0,2,Export,699,India,IND,372,Ireland,IRL,,,,,,,,95,"Toys, games and sports requisites; parts and accessories thereof",1,No Quantity,,,0,,0.0,,4868674,,,4
429,H5,2019,2019,2019,2,0,2,Export,699,India,IND,381,Italy,ITA,,,,,,,,95,"Toys, games and sports requisites; parts and accessories thereof",1,No Quantity,,,0,,0.0,,9067008,,,4
430,H5,2019,2019,2019,2,0,2,Export,699,India,IND,392,Japan,JPN,,,,,,,,95,"Toys, games and sports requisites; parts and accessories thereof",1,No Quantity,,,0,,0.0,,2350373,,,4
431,H5,2019,2019,2019,2,0,2,Export,699,India,IND,458,Malaysia,MYS,,,,,,,,95,"Toys, games and sports requisites; parts and accessories thereof",1,No Quantity,,,0,,0.0,,2826985,,,4
432,H5,2019,2019,2019,2,0,2,Export,699,India,IND,484,Mexico,MEX,,,,,,,,95,"Toys, games and sports requisites; parts and accessories thereof",1,No Quantity,,,0,,0.0,,4963243,,,4
433,H5,2019,2019,2019,2,0,2,Export,699,India,IND,372,Ireland,IRL,,,,,,,,96,Miscellaneous manufactured articles,1,No Quantity,,,0,,0.0,,476266,,,4
434,H5,2019,2019,2019,2,0,2,Export,699,India,IND,381,Italy,ITA,,,,,,,,96,Miscellaneous manufactured articles,1,No Quantity,,,0,,0.0,,8921825,,,4
435,H5,2019,2019,2019,2,0,2,Export,699,India,IND,392,Japan,JPN,,,,,,,,96,Miscellaneous manufactured articles,1,No Quantity,,,0,,0.0,,4306967,,,4
436,H5,2019,2019,2019,2,0,2,Export,699,India,IND,458,Malaysia,MYS,,,,,,,,96,Miscellaneous manufactured articles,1,No Quantity,,,0,,0.0,,2623164,,,4
437,H5,2019,2019,2019,2,0,2,Export,699,India,IND,484,Mexico,MEX,,,,,,,,96,Miscellaneous manufactured articles,1,No Quantity,,,0,,0.0,,8641340,,,4
438,H5,2019,2019,2019,2,0,2,Export,699,India,IND,372,Ireland,IRL,,,,,,,,97,Works of art; collectors' pieces and antiques,1,No Quantity,,,0,,,,9423,,,4
439,H5,2019,2019,2019,2,0,2,Export,699,India,IND,381,Italy,ITA,,,,,,,,97,Works of art; collectors' pieces and antiques,1,No Quantity,,,0,,0.0,,114652,,,4
440,H5,2019,2019,2019,2,0,2,Export,699,India,IND,392,Japan,JPN,,,,,,,,97,Works of art; collectors' pieces and antiques,1,No Quantity,,,0,,0.0,,480695,,,4
441,H5,2019,2019,2019,2,0,2,Export,699,India,IND,458,Malaysia,MYS,,,,,,,,97,Works of art; collectors' pieces and antiques,1,No Quantity,,,0,,0.0,,332951,,,4
442,H5,2019,2019,2019,2,0,2,Export,699,India,IND,484,Mexico,MEX,,,,,,,,97,Works of art; collectors' pieces and antiques,1,No Quantity,,,0,,0.0,,55243,,,4
443,H5,2019,2019,2019,2,0,2,Export,699,India,IND,372,Ireland,IRL,,,,,,,,99,Commodities not specified according to kind,1,No Quantity,,,0,,0.0,,2732,,,0
444,H5,2019,2019,2019,2,0,2,Export,699,India,IND,381,Italy,ITA,,,,,,,,99,Commodities not specified according to kind,1,No Quantity,,,0,,0.0,,283521,,,0
445,H5,2019,2019,2019,2,0,2,Export,699,India,IND,392,Japan,JPN,,,,,,,,99,Commodities not specified according to kind,1,No Quantity,,,0,,0.0,,1946351,,,0
446,H5,2019,2019,2019,2,0,2,Export,699,India,IND,458,Malaysia,MYS,,,,,,,,99,Commodities not specified according to kind,1,No Quantity,,,0,,0.0,,35868,,,0
447,H5,2019,2019,2019,2,0,2,Export,699,India,IND,484,Mexico,MEX,,,,,,,,99,Commodities not specified according to kind,1,No Quantity,,,0,,0.0,,1275,,,0
